show_id,country_id
s1,1
s2,2
s5,3
s8,1
s8,4
s8,5
s8,6
s8,7
s8,8
s9,6
s10,1
s13,7
s13,9
s16,1
s18,10
s22,11
s25,3
s26,12
s28,1
s29,1
s30,1
s30,3
s30,13
s33,6
s38,14
s39,15
s39,16
s39,1
s40,3
s41,1
s42,1
s43,1
s44,1
s45,1
s47,2
s47,1
s47,17
s49,1
s50,18
s51,3
s52,17
s53,17
s54,17
s55,17
s56,1
s57,17
s58,17
s59,17
s60,17
s61,17
s62,17
s63,17
s64,17
s66,6
s67,3
s68,1
s70,3
s73,6
s74,18
s77,17
s82,1
s83,1
s85,18
s91,19
s91,1
s92,13
s93,20
s95,6
s95,1
s96,1
s96,6
s97,1
s98,1
s99,6
s100,13
s100,1
s102,1
s105,21
s106,3
s107,1
s108,1
s109,12
s110,19
s112,1
s112,22
s115,3
s116,6
s116,12
s116,13
s117,3
s118,6
s118,1
s119,3
s121,12
s123,6
s123,12
s123,13
s123,1
s125,21
s126,1
s127,3
s128,1
s128,16
s130,7
s130,1
s132,1
s134,2
s134,1
s135,1
s135,10
s136,1
s136,23
s136,13
s136,17
s137,1
s137,23
s137,24
s137,6
s138,12
s138,1
s139,1
s140,1
s141,25
s141,26
s142,1
s142,6
s142,16
s143,7
s143,1
s144,1
s145,1
s146,1
s147,1
s150,1
s151,1
s152,15
s152,27
s153,1
s154,28
s155,17
s156,6
s156,1
s157,1
s158,16
s159,1
s160,27
s161,1
s162,1
s163,1
s163,15
s163,27
s164,1
s165,1
s167,23
s167,1
s168,1
s168,16
s169,1
s170,1
s171,1
s172,1
s173,1
s173,7
s174,1
s175,1
s176,1
s177,1
s178,6
s178,1
s179,1
s180,1
s183,1
s184,1
s185,1
s189,13
s191,3
s192,6
s192,16
s192,1
s193,3
s194,29
s194,21
s196,3
s199,18
s200,3
s201,3
s202,3
s203,3
s204,3
s205,3
s206,3
s207,3
s208,3
s209,3
s210,3
s211,3
s212,3
s213,30
s216,3
s217,3
s218,3
s220,17
s221,1
s228,1
s229,1
s229,6
s230,1
s232,1
s233,1
s234,6
s242,1
s248,1
s252,1
s254,3
s255,1
s260,3
s260,31
s264,1
s265,1
s266,17
s267,3
s268,32
s268,12
s268,13
s268,1
s270,23
s271,23
s271,33
s271,34
s272,1
s273,1
s274,13
s275,1
s276,25
s277,19
s278,35
s279,36
s280,1
s280,17
s281,1
s282,18
s283,10
s284,20
s284,6
s285,6
s285,1
s286,37
s286,6
s286,12
s287,1
s289,36
s290,21
s291,1
s292,17
s293,6
s294,2
s296,1
s297,38
s297,1
s298,3
s299,18
s300,13
s301,16
s301,1
s302,3
s303,33
s304,25
s305,6
s306,25
s306,19
s307,18
s308,1
s309,1
s311,1
s312,10
s313,1
s314,39
s315,1
s316,1
s316,18
s317,39
s318,1
s320,39
s322,39
s323,39
s324,1
s325,23
s326,1
s327,1
s328,1
s328,6
s329,40
s329,1
s330,1
s330,16
s331,1
s331,16
s333,1
s333,10
s334,1
s335,1
s336,1
s338,1
s338,16
s339,17
s341,1
s341,6
s342,1
s343,1
s344,1
s345,1
s346,1
s346,16
s347,1
s348,19
s348,6
s348,1
s349,6
s349,1
s350,1
s351,1
s352,1
s352,7
s353,1
s353,15
s354,1
s355,1
s356,1
s357,1
s357,13
s358,19
s358,13
s358,6
s358,1
s359,1
s360,1
s361,1
s362,1
s366,29
s366,13
s366,41
s367,6
s371,1
s375,18
s378,42
s379,1
s381,1
s383,1
s384,3
s386,7
s387,1
s387,16
s390,13
s390,38
s390,7
s390,1
s390,6
s391,1
s392,16
s392,1
s393,1
s394,12
s402,19
s403,6
s404,1
s411,3
s416,3
s426,1
s427,32
s430,18
s434,1
s435,25
s437,43
s438,1
s440,44
s441,1
s443,1
s443,16
s446,1
s447,1
s448,1
s449,1
s450,1
s451,1
s452,1
s453,45
s454,17
s457,21
s458,46
s458,47
s458,7
s460,1
s461,1
s461,16
s463,1
s464,23
s470,1
s470,16
s473,1
s474,1
s475,1
s475,37
s478,1
s479,7
s487,27
s487,16
s487,1
s489,1
s490,48
s490,1
s492,1
s493,1
s494,1
s494,17
s495,1
s497,13
s497,16
s497,1
s497,19
s500,1
s503,18
s504,42
s507,12
s509,13
s509,49
s509,22
s510,1
s511,16
s512,1
s513,13
s513,20
s514,1
s515,6
s516,6
s517,44
s518,17
s519,3
s520,6
s521,1
s522,16
s523,28
s524,6
s525,17
s526,1
s526,16
s527,1
s528,30
s528,1
s528,6
s529,3
s530,46
s531,1
s532,50
s533,1
s534,38
s535,45
s536,16
s537,12
s538,17
s539,6
s540,12
s540,32
s541,6
s541,7
s542,3
s543,3
s544,20
s544,49
s545,16
s546,21
s548,1
s549,1
s552,3
s554,13
s555,18
s556,21
s556,9
s557,21
s558,12
s558,1
s559,1
s560,1
s560,7
s562,1
s563,1
s564,1
s565,1
s566,12
s566,7
s567,1
s567,7
s568,1
s569,1
s570,51
s573,6
s573,20
s574,1
s574,15
s575,1
s575,15
s576,1
s577,6
s577,12
s577,1
s579,13
s579,17
s579,1
s580,1
s582,1
s583,1
s584,1
s584,6
s585,1
s586,6
s586,1
s589,1
s590,6
s592,1
s593,1
s594,1
s595,1
s595,7
s596,7
s596,1
s597,1
s598,1
s599,1
s599,6
s600,1
s601,1
s602,1
s603,1
s604,1
s605,6
s605,7
s605,19
s605,1
s606,1
s607,6
s607,1
s607,13
s607,23
s608,1
s609,1
s609,7
s609,16
s610,1
s610,13
s610,23
s610,6
s611,1
s611,6
s611,7
s611,52
s612,1
s612,16
s613,1
s613,32
s614,18
s615,1
s615,32
s616,1
s618,53
s619,1
s621,1
s623,1
s626,10
s628,15
s629,1
s631,1
s632,17
s635,13
s636,54
s637,1
s637,16
s639,1
s643,17
s644,1
s649,1
s651,33
s652,18
s655,24
s656,24
s657,24
s658,1
s660,44
s661,1
s662,13
s663,1
s665,19
s666,14
s666,7
s668,1
s669,1
s670,19
s674,25
s675,1
s676,17
s677,1
s678,16
s678,1
s679,1
s680,44
s681,1
s682,6
s683,12
s685,19
s686,1
s687,21
s689,18
s695,54
s695,55
s697,16
s697,1
s699,56
s700,57
s702,16
s703,1
s704,11
s706,7
s709,1
s710,25
s712,23
s714,1
s717,1
s719,1
s720,1
s722,1
s723,1
s724,1
s725,1
s725,6
s727,1
s728,1
s729,1
s732,21
s734,47
s735,13
s735,1
s736,3
s737,1
s737,3
s738,56
s738,22
s738,45
s740,15
s740,1
s740,16
s741,1
s742,54
s742,58
s743,51
s744,16
s744,1
s744,47
s745,36
s746,58
s747,1
s748,18
s749,1
s750,1
s751,10
s751,13
s751,36
s753,1
s753,6
s754,36
s755,6
s755,1
s756,49
s757,18
s758,1
s759,6
s763,21
s764,1
s765,2
s766,19
s767,10
s768,17
s769,53
s770,25
s771,58
s773,23
s774,56
s775,1
s776,1
s777,1
s778,1
s779,17
s780,1
s781,6
s783,16
s783,1
s784,33
s785,1
s785,16
s786,1
s787,1
s788,1
s789,1
s790,6
s791,1
s792,1
s793,1
s794,1
s795,18
s796,1
s797,1
s798,1
s799,1
s800,1
s801,1
s802,1
s803,7
s803,1
s803,13
s804,17
s805,16
s805,1
s809,1
s809,40
s810,1
s811,1
s813,1
s814,1
s814,16
s815,1
s817,6
s817,13
s817,7
s817,1
s818,1
s819,1
s820,1
s821,58
s822,6
s823,1
s824,1
s825,1
s826,1
s827,1
s829,1
s831,1
s834,38
s835,1
s837,44
s838,59
s838,47
s839,25
s840,55
s840,13
s840,54
s840,60
s841,23
s844,17
s847,1
s849,1
s851,3
s854,1
s856,1
s858,19
s860,46
s861,12
s863,1
s864,1
s866,1
s867,1
s868,1
s869,16
s869,1
s870,10
s871,1
s872,3
s873,1
s874,3
s875,6
s877,3
s878,3
s879,20
s879,49
s880,1
s881,1
s881,9
s882,2
s883,61
s884,1
s885,21
s886,16
s886,2
s888,62
s890,1
s891,1
s892,6
s893,3
s895,10
s895,33
s896,13
s896,1
s897,1
s900,19
s901,1
s902,1
s903,21
s904,3
s905,1
s906,15
s907,11
s908,1
s909,1
s910,3
s911,1
s912,3
s914,3
s915,6
s915,1
s916,7
s916,13
s917,1
s918,1
s919,3
s920,1
s921,10
s921,1
s922,1
s923,1
s925,1
s927,1
s929,1
s931,1
s932,1
s933,6
s933,13
s933,19
s933,1
s934,6
s934,1
s935,6
s935,16
s935,1
s936,1
s943,1
s943,12
s944,1
s945,15
s946,6
s947,1
s947,13
s948,1
s948,6
s948,13
s949,1
s950,1
s950,28
s951,1
s951,6
s951,32
s952,1
s953,1
s954,1
s955,16
s956,13
s956,1
s957,1
s960,3
s963,1
s963,6
s967,33
s969,42
s970,1
s971,1
s972,19
s973,11
s974,3
s975,3
s976,1
s977,11
s978,11
s979,11
s980,11
s981,11
s982,11
s983,11
s984,19
s985,11
s986,11
s987,11
s989,44
s990,11
s991,11
s992,46
s994,1
s995,18
s996,11
s997,17
s998,12
s998,6
s999,3
s1000,7
s1000,1
s1002,16
s1002,18
s1002,1
s1003,10
s1004,23
s1005,12
s1012,1
s1013,10
s1014,13
s1014,1
s1014,6
s1014,16
s1015,13
s1015,6
s1016,1
s1017,3
s1018,3
s1019,3
s1020,3
s1020,6
s1021,3
s1022,3
s1023,3
s1024,3
s1025,1
s1027,1
s1028,16
s1028,1
s1028,10
s1030,1
s1031,56
s1032,7
s1033,21
s1034,6
s1034,7
s1034,1
s1035,1
s1036,9
s1036,6
s1036,1
s1037,1
s1038,3
s1040,1
s1041,17
s1042,17
s1043,1
s1044,1
s1045,17
s1046,1
s1047,1
s1048,54
s1049,1
s1049,13
s1050,15
s1050,6
s1051,17
s1052,17
s1053,1
s1054,1
s1056,1
s1058,1
s1059,23
s1059,6
s1060,1
s1061,1
s1061,3
s1062,1
s1063,21
s1064,1
s1065,21
s1066,16
s1067,15
s1067,39
s1068,44
s1069,1
s1070,3
s1071,1
s1076,1
s1076,33
s1076,17
s1076,19
s1076,3
s1080,38
s1080,1
s1081,15
s1082,1
s1084,1
s1085,15
s1086,21
s1087,18
s1088,3
s1089,1
s1090,1
s1091,45
s1092,17
s1094,3
s1098,1
s1098,15
s1098,6
s1099,3
s1100,63
s1101,1
s1102,1
s1102,16
s1103,1
s1104,15
s1105,1
s1105,16
s1106,6
s1106,1
s1107,1
s1108,18
s1109,3
s1110,49
s1111,13
s1112,1
s1112,6
s1112,13
s1113,1
s1114,1
s1115,3
s1116,3
s1118,54
s1118,64
s1118,47
s1118,60
s1119,1
s1119,16
s1120,1
s1120,16
s1121,17
s1121,1
s1122,1
s1123,3
s1124,65
s1124,7
s1125,1
s1126,6
s1127,1
s1128,1
s1129,1
s1130,6
s1132,17
s1134,1
s1135,1
s1135,17
s1136,1
s1137,45
s1138,46
s1138,43
s1139,6
s1139,13
s1139,42
s1139,7
s1139,1
s1140,1
s1141,1
s1142,3
s1143,1
s1144,1
s1145,1
s1145,6
s1146,30
s1146,37
s1146,6
s1146,13
s1146,1
s1147,1
s1147,10
s1148,6
s1149,21
s1150,17
s1151,1
s1152,15
s1152,6
s1153,1
s1154,6
s1154,2
s1154,13
s1155,1
s1156,18
s1157,1
s1158,1
s1159,1
s1161,30
s1161,6
s1161,13
s1161,7
s1162,6
s1163,11
s1164,19
s1165,19
s1166,3
s1167,6
s1168,23
s1169,1
s1170,17
s1171,28
s1171,1
s1172,1
s1173,2
s1174,21
s1175,21
s1176,6
s1176,1
s1176,13
s1177,17
s1178,39
s1179,1
s1180,1
s1180,17
s1182,1
s1183,6
s1185,15
s1186,18
s1187,17
s1188,1
s1189,33
s1190,1
s1191,6
s1191,1
s1192,1
s1193,6
s1193,29
s1195,18
s1196,1
s1197,20
s1198,6
s1198,1
s1199,7
s1200,1
s1201,1
s1202,46
s1203,3
s1204,1
s1204,3
s1204,6
s1205,1
s1206,1
s1206,6
s1207,6
s1209,11
s1210,66
s1211,21
s1212,11
s1213,11
s1214,1
s1216,11
s1217,11
s1218,6
s1219,1
s1220,11
s1221,19
s1221,25
s1222,45
s1223,1
s1224,13
s1227,7
s1228,3
s1229,3
s1229,6
s1229,13
s1229,60
s1230,46
s1231,3
s1232,1
s1233,36
s1234,18
s1235,19
s1237,13
s1238,45
s1239,1
s1239,12
s1240,1
s1241,1
s1242,1
s1243,1
s1244,1
s1245,3
s1246,1
s1249,1
s1252,1
s1252,6
s1253,7
s1254,1
s1255,1
s1257,1
s1257,7
s1258,17
s1259,20
s1259,13
s1260,1
s1261,19
s1262,25
s1262,67
s1264,1
s1264,44
s1265,1
s1266,3
s1267,67
s1267,33
s1268,7
s1269,1
s1269,36
s1270,45
s1271,1
s1271,36
s1273,1
s1274,17
s1275,1
s1276,1
s1278,1
s1279,1
s1280,16
s1281,6
s1282,3
s1283,3
s1284,1
s1285,16
s1285,1
s1285,6
s1286,21
s1287,39
s1288,6
s1289,1
s1291,6
s1291,1
s1292,3
s1293,65
s1294,3
s1295,7
s1296,3
s1297,21
s1298,1
s1299,21
s1301,1
s1302,6
s1303,1
s1304,1
s1305,1
s1306,3
s1307,1
s1308,1
s1309,6
s1310,1
s1311,1
s1312,18
s1313,6
s1314,1
s1315,1
s1316,19
s1317,3
s1318,6
s1319,1
s1320,10
s1321,68
s1322,10
s1323,19
s1324,45
s1325,1
s1326,53
s1327,42
s1328,1
s1329,1
s1330,13
s1331,1
s1332,1
s1333,1
s1334,1
s1334,69
s1334,24
s1335,15
s1336,1
s1337,13
s1338,70
s1339,19
s1340,33
s1341,39
s1342,1
s1343,21
s1344,1
s1345,23
s1346,15
s1347,42
s1348,19
s1348,20
s1348,1
s1349,1
s1350,36
s1351,1
s1352,10
s1353,1
s1354,1
s1355,16
s1356,1
s1357,1
s1358,6
s1359,1
s1360,6
s1360,1
s1360,12
s1361,56
s1362,1
s1363,16
s1363,1
s1363,13
s1364,1
s1365,1
s1366,13
s1367,71
s1367,1
s1368,1
s1369,19
s1370,1
s1371,6
s1372,1
s1373,45
s1374,11
s1375,1
s1376,1
s1377,3
s1378,1
s1379,12
s1379,1
s1380,18
s1381,1
s1381,6
s1384,16
s1385,21
s1386,17
s1387,71
s1387,19
s1388,1
s1388,13
s1389,3
s1389,1
s1390,1
s1391,6
s1391,30
s1392,1
s1393,10
s1394,1
s1395,1
s1396,1
s1397,1
s1398,6
s1398,19
s1398,1
s1399,1
s1399,44
s1400,1
s1401,1
s1402,1
s1403,1
s1404,33
s1405,1
s1406,52
s1406,1
s1407,1
s1408,1
s1408,21
s1409,1
s1409,16
s1410,1
s1411,3
s1412,1
s1413,21
s1414,45
s1415,45
s1416,1
s1417,1
s1418,25
s1420,6
s1421,1
s1422,13
s1423,3
s1424,3
s1425,16
s1425,1
s1425,72
s1426,1
s1427,3
s1428,6
s1429,3
s1429,13
s1430,3
s1431,1
s1432,11
s1433,19
s1434,45
s1435,13
s1435,16
s1436,16
s1436,52
s1436,1
s1438,1
s1439,13
s1440,1
s1441,10
s1441,1
s1442,3
s1444,1
s1445,1
s1446,59
s1447,1
s1448,1
s1448,16
s1449,1
s1450,1
s1451,1
s1452,1
s1453,1
s1454,1
s1455,1
s1456,1
s1457,1
s1458,1
s1459,6
s1460,1
s1461,10
s1462,1
s1464,16
s1464,6
s1464,1
s1465,1
s1466,1
s1467,1
s1468,6
s1468,7
s1468,13
s1468,1
s1469,21
s1470,1
s1471,1
s1473,3
s1474,1
s1475,45
s1476,45
s1477,1
s1478,1
s1479,47
s1479,1
s1480,23
s1481,6
s1482,39
s1484,21
s1485,1
s1486,1
s1486,16
s1487,1
s1488,73
s1489,13
s1489,41
s1490,3
s1491,16
s1492,3
s1493,1
s1494,56
s1495,1
s1496,45
s1497,45
s1498,56
s1499,1
s1500,1
s1501,39
s1502,1
s1503,1
s1504,21
s1505,49
s1506,1
s1507,6
s1507,14
s1507,7
s1507,1
s1507,12
s1507,17
s1507,13
s1507,30
s1508,6
s1509,6
s1510,1
s1511,1
s1511,6
s1512,46
s1513,6
s1514,1
s1515,2
s1516,1
s1517,59
s1518,1
s1520,50
s1521,3
s1522,50
s1523,50
s1524,36
s1525,16
s1526,45
s1527,56
s1528,49
s1529,21
s1530,56
s1531,1
s1533,33
s1535,56
s1535,16
s1535,6
s1535,1
s1536,2
s1537,1
s1538,1
s1539,1
s1539,17
s1540,17
s1541,1
s1542,6
s1543,3
s1544,1
s1545,16
s1546,1
s1547,1
s1548,1
s1549,1
s1550,30
s1550,13
s1550,57
s1550,1
s1550,10
s1550,20
s1550,6
s1550,27
s1551,1
s1552,6
s1552,16
s1552,1
s1553,1
s1554,1
s1555,54
s1556,13
s1558,1
s1559,1
s1560,19
s1561,1
s1562,3
s1563,17
s1564,16
s1564,1
s1566,56
s1567,56
s1568,56
s1569,56
s1570,43
s1571,46
s1572,23
s1573,1
s1574,1
s1575,1
s1576,22
s1577,1
s1578,33
s1579,48
s1580,1
s1581,1
s1583,1
s1584,21
s1585,1
s1587,13
s1588,39
s1589,16
s1590,3
s1591,1
s1592,1
s1593,7
s1594,2
s1595,11
s1596,1
s1598,1
s1599,56
s1600,13
s1600,20
s1602,33
s1603,56
s1604,6
s1605,57
s1606,45
s1607,42
s1608,7
s1609,1
s1609,13
s1609,74
s1610,1
s1611,1
s1611,23
s1612,1
s1613,1
s1614,6
s1615,19
s1615,23
s1616,1
s1617,1
s1618,1
s1619,1
s1619,30
s1619,6
s1619,3
s1620,6
s1620,22
s1621,27
s1621,1
s1622,12
s1622,1
s1623,1
s1623,16
s1624,1
s1625,1
s1625,75
s1625,13
s1625,6
s1626,21
s1627,1
s1627,15
s1627,16
s1628,1
s1629,6
s1630,56
s1631,56
s1632,1
s1633,1
s1634,1
s1635,21
s1636,1
s1637,1
s1638,19
s1639,3
s1640,12
s1641,7
s1642,1
s1643,23
s1644,21
s1645,56
s1646,1
s1647,1
s1648,56
s1649,6
s1650,17
s1651,6
s1651,1
s1652,16
s1654,3
s1655,18
s1656,1
s1657,1
s1658,25
s1659,46
s1660,1
s1661,1
s1662,21
s1663,46
s1664,1
s1665,1
s1665,28
s1666,66
s1667,1
s1668,15
s1670,1
s1671,3
s1672,1
s1673,1
s1674,3
s1675,3
s1676,3
s1677,3
s1678,56
s1679,3
s1680,3
s1681,3
s1682,1
s1683,56
s1684,3
s1685,1
s1686,1
s1686,17
s1687,1
s1688,1
s1689,1
s1690,6
s1690,1
s1691,1
s1692,1
s1692,16
s1693,1
s1694,17
s1695,1
s1696,16
s1697,16
s1697,1
s1697,30
s1698,1
s1699,6
s1699,1
s1700,1
s1701,1
s1702,1
s1703,3
s1704,1
s1705,33
s1706,23
s1707,19
s1708,56
s1709,11
s1710,56
s1711,1
s1712,21
s1713,3
s1714,25
s1715,1
s1715,16
s1716,33
s1717,12
s1718,1
s1719,1
s1720,54
s1720,16
s1720,13
s1721,62
s1722,1
s1723,1
s1725,17
s1725,16
s1725,1
s1726,18
s1727,1
s1728,39
s1729,19
s1729,13
s1729,16
s1730,1
s1731,12
s1732,1
s1733,56
s1734,25
s1735,16
s1736,56
s1737,1
s1738,46
s1739,16
s1740,16
s1741,53
s1742,3
s1743,7
s1744,17
s1747,16
s1748,16
s1748,1
s1749,1
s1750,1
s1751,1
s1752,1
s1753,1
s1754,16
s1755,1
s1756,1
s1757,1
s1758,1
s1759,16
s1760,47
s1760,22
s1760,16
s1760,1
s1761,1
s1761,13
s1761,47
s1762,1
s1763,1
s1763,15
s1763,36
s1764,1
s1765,6
s1765,13
s1765,7
s1765,1
s1766,13
s1766,1
s1767,21
s1768,19
s1768,44
s1768,1
s1769,1
s1770,21
s1771,1
s1772,33
s1773,59
s1774,12
s1775,1
s1776,6
s1777,18
s1778,3
s1780,1
s1781,13
s1782,1
s1783,23
s1784,10
s1784,19
s1785,56
s1786,1
s1788,1
s1789,42
s1790,1
s1791,1
s1792,1
s1793,25
s1794,1
s1795,39
s1796,3
s1797,30
s1797,68
s1797,20
s1798,12
s1799,33
s1800,7
s1801,1
s1802,15
s1802,1
s1803,1
s1804,19
s1805,1
s1806,1
s1807,59
s1808,56
s1809,6
s1810,56
s1811,16
s1811,20
s1812,1
s1813,16
s1813,6
s1814,1
s1815,6
s1816,16
s1817,1
s1818,54
s1819,54
s1820,54
s1821,54
s1821,58
s1821,13
s1821,37
s1821,7
s1822,54
s1823,13
s1823,20
s1823,23
s1824,54
s1825,54
s1825,1
s1825,58
s1826,54
s1826,13
s1827,13
s1827,54
s1828,13
s1828,54
s1828,6
s1830,13
s1830,59
s1830,54
s1830,20
s1831,54
s1832,54
s1832,16
s1832,13
s1833,53
s1833,9
s1833,6
s1833,47
s1833,49
s1834,1
s1835,21
s1836,6
s1837,66
s1838,1
s1839,1
s1840,13
s1841,10
s1841,19
s1842,1
s1843,1
s1843,6
s1843,3
s1844,1
s1844,28
s1845,1
s1846,1
s1847,46
s1848,6
s1849,1
s1850,45
s1850,49
s1851,45
s1852,1
s1853,1
s1854,3
s1855,1
s1856,39
s1857,1
s1858,10
s1859,3
s1860,6
s1861,1
s1862,3
s1863,3
s1864,3
s1865,1
s1866,3
s1867,3
s1868,1
s1869,1
s1870,3
s1871,11
s1871,21
s1872,16
s1873,1
s1874,1
s1875,13
s1876,21
s1877,25
s1878,21
s1879,1
s1879,16
s1880,1
s1881,28
s1882,1
s1883,6
s1884,16
s1885,1
s1886,3
s1887,1
s1887,6
s1888,16
s1889,11
s1892,11
s1894,1
s1895,1
s1896,12
s1897,18
s1898,3
s1899,23
s1900,11
s1901,1
s1902,10
s1903,50
s1904,74
s1904,1
s1905,1
s1906,2
s1907,1
s1908,21
s1909,17
s1910,1
s1911,33
s1912,1
s1913,32
s1914,1
s1914,10
s1916,7
s1916,9
s1917,1
s1917,6
s1918,25
s1919,17
s1921,43
s1922,1
s1922,40
s1923,1
s1924,1
s1925,1
s1926,10
s1927,1
s1928,76
s1929,17
s1930,1
s1931,6
s1931,66
s1932,1
s1933,1
s1934,12
s1935,1
s1936,1
s1937,1
s1938,2
s1938,1
s1939,3
s1940,3
s1941,3
s1942,3
s1943,3
s1944,3
s1945,3
s1946,3
s1947,3
s1948,1
s1949,1
s1950,1
s1951,3
s1952,7
s1955,1
s1956,21
s1958,1
s1958,3
s1959,1
s1960,6
s1961,1
s1962,1
s1963,1
s1964,17
s1965,17
s1966,17
s1967,17
s1968,17
s1970,17
s1971,46
s1972,3
s1973,3
s1975,3
s1976,3
s1977,3
s1978,3
s1979,1
s1980,1
s1981,1
s1982,45
s1983,3
s1985,13
s1986,6
s1988,1
s1989,7
s1990,23
s1991,1
s1992,6
s1992,13
s1992,7
s1992,19
s1994,42
s1995,1
s1996,1
s1997,19
s1998,6
s1998,13
s1998,1
s1998,20
s1998,68
s1998,15
s1998,7
s1999,6
s2000,44
s2000,1
s2001,6
s2002,13
s2002,1
s2003,1
s2004,1
s2004,13
s2004,16
s2004,20
s2006,18
s2007,6
s2007,15
s2008,10
s2009,13
s2010,1
s2011,1
s2012,7
s2012,15
s2012,6
s2013,19
s2014,6
s2016,3
s2017,3
s2018,3
s2019,3
s2020,3
s2021,3
s2022,1
s2023,1
s2024,3
s2025,11
s2026,3
s2027,3
s2028,45
s2029,46
s2030,1
s2031,3
s2032,13
s2033,1
s2034,19
s2035,25
s2036,1
s2037,21
s2038,21
s2039,2
s2040,11
s2042,1
s2043,12
s2043,32
s2043,1
s2044,6
s2045,1
s2046,1
s2047,2
s2048,1
s2049,18
s2050,56
s2051,33
s2052,45
s2053,1
s2054,6
s2055,1
s2056,7
s2057,7
s2057,1
s2058,51
s2060,27
s2060,57
s2060,1
s2061,56
s2062,49
s2063,17
s2064,1
s2065,47
s2066,17
s2066,1
s2067,17
s2068,17
s2069,1
s2070,13
s2071,13
s2071,12
s2071,7
s2072,1
s2073,1
s2074,1
s2075,3
s2076,19
s2077,1
s2078,23
s2079,17
s2080,1
s2080,20
s2080,16
s2080,13
s2081,6
s2082,16
s2083,3
s2084,1
s2085,1
s2086,6
s2086,1
s2087,3
s2088,2
s2088,77
s2089,19
s2090,17
s2091,1
s2092,39
s2093,1
s2094,36
s2095,1
s2095,56
s2096,1
s2097,1
s2098,6
s2099,1
s2100,1
s2101,1
s2103,18
s2104,3
s2105,10
s2106,1
s2107,16
s2108,1
s2109,21
s2110,1
s2111,46
s2112,25
s2113,1
s2114,1
s2116,1
s2117,18
s2118,45
s2119,1
s2120,45
s2121,6
s2121,1
s2122,1
s2122,6
s2122,16
s2122,15
s2123,21
s2125,47
s2126,43
s2127,3
s2128,33
s2130,16
s2131,1
s2131,18
s2132,6
s2133,1
s2134,1
s2135,36
s2136,1
s2137,17
s2138,13
s2139,6
s2139,1
s2140,1
s2140,13
s2141,1
s2142,3
s2143,1
s2144,1
s2145,1
s2146,17
s2147,1
s2149,18
s2150,1
s2150,16
s2150,6
s2151,7
s2152,19
s2154,7
s2155,1
s2156,1
s2157,1
s2158,1
s2159,1
s2160,1
s2161,16
s2162,65
s2163,47
s2163,1
s2164,13
s2166,1
s2168,1
s2169,33
s2170,1
s2171,1
s2172,1
s2173,1
s2174,1
s2175,16
s2176,17
s2177,1
s2178,16
s2179,16
s2180,11
s2180,1
s2181,17
s2182,1
s2184,16
s2185,6
s2186,7
s2187,3
s2188,2
s2189,1
s2190,1
s2191,1
s2191,16
s2192,78
s2192,7
s2192,59
s2193,1
s2194,3
s2196,18
s2197,79
s2198,33
s2198,13
s2199,42
s2200,1
s2201,1
s2202,1
s2203,1
s2204,1
s2205,3
s2206,15
s2207,3
s2208,15
s2208,19
s2208,21
s2208,1
s2209,1
s2210,18
s2211,19
s2211,7
s2212,17
s2213,19
s2214,6
s2214,1
s2215,1
s2216,21
s2217,2
s2218,1
s2219,59
s2220,1
s2221,27
s2221,15
s2222,6
s2224,6
s2225,13
s2225,20
s2225,68
s2225,69
s2225,29
s2226,13
s2227,12
s2228,6
s2228,12
s2229,1
s2230,1
s2231,33
s2232,18
s2233,1
s2234,13
s2234,20
s2235,18
s2236,10
s2238,1
s2239,80
s2240,18
s2241,23
s2242,1
s2243,12
s2244,13
s2245,2
s2246,33
s2247,1
s2248,46
s2249,1
s2250,1
s2251,1
s2252,20
s2254,17
s2255,11
s2256,21
s2257,32
s2258,1
s2259,12
s2260,1
s2261,1
s2261,13
s2263,1
s2263,15
s2265,3
s2266,3
s2267,3
s2268,3
s2269,3
s2270,3
s2271,3
s2272,3
s2273,3
s2274,3
s2275,3
s2276,44
s2277,3
s2278,3
s2279,3
s2280,3
s2281,3
s2282,3
s2283,3
s2284,1
s2285,3
s2286,3
s2287,3
s2288,3
s2289,3
s2290,3
s2291,3
s2292,3
s2293,3
s2294,19
s2295,1
s2296,45
s2296,6
s2297,37
s2297,13
s2297,20
s2297,1
s2298,17
s2299,1
s2300,1
s2301,4
s2302,1
s2303,33
s2304,1
s2305,23
s2306,6
s2307,39
s2308,1
s2308,16
s2309,19
s2310,11
s2311,16
s2312,1
s2312,7
s2312,16
s2313,11
s2314,1
s2315,6
s2315,1
s2316,1
s2317,19
s2317,13
s2317,16
s2317,1
s2318,1
s2318,10
s2319,13
s2320,23
s2321,17
s2322,1
s2323,67
s2323,23
s2324,6
s2324,18
s2325,45
s2326,18
s2328,7
s2328,1
s2329,12
s2330,36
s2331,1
s2332,1
s2333,18
s2334,56
s2335,3
s2337,3
s2338,21
s2339,3
s2340,3
s2341,3
s2342,1
s2343,3
s2344,6
s2345,67
s2346,1
s2347,1
s2348,3
s2349,18
s2350,21
s2351,1
s2352,18
s2353,1
s2354,3
s2355,13
s2355,46
s2356,1
s2357,1
s2358,1
s2359,13
s2360,33
s2361,11
s2362,46
s2362,13
s2363,1
s2364,13
s2364,33
s2364,19
s2364,20
s2365,17
s2366,46
s2366,41
s2367,13
s2367,46
s2368,46
s2369,46
s2370,46
s2372,56
s2373,44
s2374,46
s2375,54
s2376,46
s2377,46
s2378,16
s2378,21
s2378,1
s2379,1
s2380,6
s2380,1
s2381,1
s2382,18
s2382,6
s2383,1
s2384,1
s2385,6
s2385,1
s2386,25
s2386,19
s2387,50
s2388,18
s2389,1
s2390,3
s2391,1
s2392,45
s2393,3
s2394,1
s2396,1
s2396,13
s2396,16
s2397,7
s2398,1
s2399,17
s2400,17
s2401,10
s2402,42
s2402,1
s2403,58
s2403,35
s2403,54
s2403,43
s2404,43
s2405,23
s2406,1
s2407,1
s2408,1
s2409,21
s2410,33
s2411,21
s2412,1
s2413,42
s2414,3
s2415,3
s2416,1
s2416,10
s2416,19
s2416,75
s2417,1
s2418,1
s2419,46
s2420,1
s2421,3
s2422,18
s2423,1
s2424,1
s2424,16
s2425,1
s2427,17
s2428,11
s2429,11
s2430,46
s2431,1
s2432,1
s2434,46
s2435,46
s2436,46
s2438,46
s2439,46
s2440,46
s2441,16
s2442,43
s2442,58
s2443,46
s2444,46
s2445,17
s2446,3
s2447,81
s2448,21
s2449,58
s2450,17
s2451,17
s2452,17
s2452,1
s2453,21
s2454,21
s2455,1
s2456,6
s2456,7
s2456,58
s2456,32
s2457,24
s2457,1
s2458,58
s2459,3
s2460,1
s2461,13
s2461,46
s2462,30
s2463,17
s2464,58
s2465,58
s2466,25
s2467,12
s2468,10
s2468,1
s2469,12
s2470,15
s2471,1
s2472,1
s2473,3
s2474,1
s2475,45
s2476,45
s2477,6
s2478,18
s2479,17
s2480,1
s2481,16
s2482,45
s2483,48
s2486,67
s2487,21
s2488,46
s2491,46
s2492,46
s2493,46
s2494,16
s2494,18
s2495,1
s2497,6
s2498,1
s2499,10
s2500,36
s2501,3
s2502,46
s2503,46
s2504,46
s2505,46
s2506,46
s2507,46
s2508,1
s2509,1
s2510,46
s2511,46
s2512,43
s2512,49
s2512,7
s2512,35
s2512,58
s2512,1
s2513,46
s2514,18
s2515,6
s2516,1
s2517,48
s2518,21
s2519,21
s2520,1
s2521,54
s2522,19
s2523,13
s2524,1
s2525,1
s2526,17
s2527,1
s2528,44
s2529,21
s2530,12
s2531,6
s2531,19
s2532,45
s2533,45
s2534,58
s2535,3
s2537,10
s2538,18
s2539,48
s2540,3
s2541,1
s2542,58
s2543,16
s2544,1
s2545,3
s2546,3
s2547,14
s2547,13
s2548,1
s2549,1
s2550,1
s2551,23
s2552,1
s2553,16
s2554,6
s2554,7
s2554,1
s2554,13
s2555,16
s2556,58
s2557,48
s2558,15
s2559,45
s2560,1
s2562,1
s2563,3
s2563,6
s2563,15
s2563,16
s2563,17
s2563,21
s2563,1
s2564,33
s2565,3
s2566,25
s2567,1
s2568,36
s2571,1
s2572,1
s2573,1
s2574,1
s2576,1
s2577,1
s2578,1
s2579,13
s2579,20
s2580,1
s2581,1
s2582,1
s2583,1
s2584,28
s2585,2
s2586,23
s2586,6
s2586,13
s2587,17
s2588,3
s2589,16
s2590,3
s2591,12
s2591,1
s2592,1
s2593,1
s2597,1
s2597,6
s2598,1
s2599,17
s2600,1
s2600,10
s2600,36
s2601,1
s2601,16
s2602,33
s2603,17
s2604,39
s2605,1
s2606,11
s2607,21
s2608,18
s2609,1
s2610,6
s2611,3
s2612,2
s2613,11
s2614,11
s2614,3
s2615,46
s2616,11
s2617,11
s2618,23
s2618,11
s2619,11
s2621,11
s2622,11
s2623,1
s2624,46
s2625,24
s2626,3
s2627,3
s2628,1
s2629,6
s2630,3
s2631,46
s2632,21
s2633,6
s2633,1
s2633,17
s2634,46
s2635,13
s2635,20
s2635,1
s2636,46
s2637,46
s2638,46
s2639,46
s2641,6
s2643,3
s2644,11
s2645,3
s2646,17
s2646,1
s2647,45
s2648,45
s2649,10
s2650,45
s2651,21
s2652,1
s2653,1
s2654,42
s2655,18
s2656,19
s2657,16
s2657,1
s2657,6
s2658,6
s2659,17
s2660,1
s2661,82
s2661,1
s2661,36
s2662,1
s2663,1
s2664,3
s2665,3
s2666,21
s2667,1
s2668,11
s2669,13
s2669,20
s2670,10
s2671,3
s2672,7
s2673,1
s2674,19
s2674,7
s2675,65
s2675,25
s2676,13
s2677,38
s2678,1
s2678,6
s2678,17
s2679,1
s2680,33
s2681,1
s2682,11
s2683,56
s2684,3
s2685,1
s2686,3
s2687,1
s2688,18
s2689,18
s2690,1
s2691,16
s2692,1
s2693,1
s2693,25
s2694,6
s2694,23
s2695,13
s2696,1
s2697,23
s2698,1
s2699,17
s2701,56
s2702,1
s2703,1
s2704,1
s2705,1
s2706,1
s2707,30
s2707,6
s2708,1
s2709,67
s2710,1
s2711,1
s2712,19
s2713,6
s2713,13
s2713,20
s2713,16
s2713,1
s2714,17
s2715,17
s2716,3
s2717,3
s2717,1
s2718,3
s2719,1
s2720,53
s2721,3
s2721,1
s2722,3
s2723,3
s2724,3
s2725,3
s2726,3
s2727,3
s2728,1
s2729,3
s2730,3
s2731,3
s2732,3
s2733,3
s2734,3
s2735,3
s2736,3
s2737,6
s2738,3
s2739,3
s2741,17
s2742,3
s2743,6
s2744,1
s2745,49
s2745,7
s2745,47
s2745,6
s2746,1
s2747,6
s2748,3
s2749,15
s2750,1
s2751,3
s2752,3
s2754,1
s2755,1
s2756,16
s2757,3
s2758,1
s2759,16
s2759,1
s2761,3
s2762,21
s2763,1
s2764,1
s2765,1
s2766,3
s2767,3
s2768,1
s2769,16
s2770,16
s2771,16
s2772,1
s2774,52
s2776,44
s2777,7
s2778,7
s2779,1
s2780,1
s2781,52
s2782,19
s2783,1
s2784,62
s2784,7
s2785,39
s2785,15
s2787,25
s2789,1
s2789,17
s2790,10
s2791,1
s2792,1
s2793,3
s2794,6
s2795,6
s2796,1
s2797,23
s2798,13
s2799,1
s2800,17
s2800,1
s2801,43
s2802,1
s2803,53
s2804,17
s2805,49
s2806,6
s2807,1
s2808,6
s2808,1
s2808,30
s2809,1
s2810,1
s2811,3
s2814,1
s2816,3
s2817,1
s2818,2
s2819,59
s2820,12
s2821,1
s2822,21
s2822,1
s2823,1
s2824,11
s2825,57
s2826,1
s2827,1
s2828,33
s2828,6
s2829,16
s2829,1
s2830,1
s2831,83
s2831,1
s2833,2
s2834,3
s2835,13
s2836,1
s2837,1
s2838,19
s2839,1
s2840,18
s2842,3
s2843,44
s2844,24
s2844,13
s2844,37
s2844,7
s2845,1
s2846,24
s2847,19
s2848,1
s2848,16
s2849,33
s2850,1
s2851,3
s2852,2
s2853,6
s2854,1
s2855,17
s2856,7
s2857,3
s2860,1
s2861,6
s2861,1
s2861,13
s2862,1
s2863,2
s2864,1
s2866,13
s2867,6
s2867,16
s2867,1
s2868,1
s2869,36
s2870,3
s2871,2
s2872,19
s2873,10
s2874,3
s2875,1
s2876,17
s2877,17
s2878,43
s2879,18
s2880,18
s2881,1
s2882,18
s2883,18
s2884,1
s2886,18
s2887,1
s2888,1
s2889,21
s2890,1
s2891,16
s2892,1
s2893,21
s2895,25
s2896,7
s2897,3
s2898,1
s2899,3
s2900,2
s2901,33
s2902,24
s2902,6
s2903,1
s2904,13
s2904,75
s2904,1
s2905,1
s2906,1
s2907,18
s2908,1
s2909,1
s2911,84
s2912,6
s2912,13
s2912,20
s2912,30
s2912,1
s2913,56
s2914,42
s2915,7
s2916,2
s2917,3
s2918,3
s2919,18
s2920,17
s2921,1
s2922,10
s2922,1
s2924,44
s2925,2
s2926,1
s2927,1
s2928,1
s2929,1
s2930,10
s2931,45
s2932,1
s2933,1
s2934,1
s2934,59
s2934,16
s2935,42
s2935,1
s2936,3
s2937,4
s2938,1
s2939,18
s2940,1
s2941,3
s2942,16
s2942,1
s2944,1
s2945,1
s2946,17
s2947,66
s2947,1
s2948,1
s2949,1
s2950,1
s2951,1
s2952,1
s2953,1
s2954,1
s2955,3
s2956,19
s2957,1
s2958,3
s2959,17
s2960,21
s2961,1
s2962,16
s2962,2
s2963,13
s2963,21
s2963,17
s2963,1
s2964,49
s2965,6
s2966,17
s2967,17
s2968,1
s2969,1
s2970,3
s2971,17
s2972,10
s2973,13
s2974,18
s2975,23
s2976,1
s2977,19
s2978,17
s2979,1
s2980,6
s2981,1
s2982,13
s2982,20
s2984,6
s2985,33
s2986,3
s2987,3
s2988,3
s2989,1
s2990,39
s2991,2
s2993,18
s2994,1
s2995,1
s2996,1
s2997,10
s2998,1
s2999,17
s3000,39
s3000,50
s3001,1
s3002,1
s3003,65
s3003,25
s3003,7
s3003,19
s3004,1
s3005,3
s3006,1
s3007,3
s3008,1
s3009,1
s3009,6
s3009,13
s3009,7
s3009,17
s3010,1
s3011,49
s3012,16
s3013,7
s3014,1
s3015,1
s3016,15
s3017,1
s3017,13
s3017,17
s3018,1
s3019,6
s3019,13
s3019,1
s3020,17
s3021,17
s3022,6
s3022,1
s3023,3
s3024,19
s3024,13
s3024,1
s3025,1
s3026,62
s3027,1
s3028,1
s3029,13
s3030,42
s3032,1
s3033,3
s3034,1
s3035,6
s3036,1
s3037,3
s3038,1
s3039,6
s3040,12
s3041,13
s3042,1
s3043,1
s3044,1
s3045,19
s3046,6
s3047,10
s3048,16
s3049,3
s3050,1
s3051,20
s3052,45
s3052,21
s3052,22
s3053,21
s3054,16
s3055,6
s3056,17
s3058,1
s3059,1
s3059,21
s3060,21
s3060,1
s3061,3
s3062,1
s3063,1
s3063,19
s3064,21
s3066,1
s3067,49
s3067,7
s3067,23
s3067,16
s3068,19
s3068,7
s3068,47
s3068,1
s3069,10
s3069,19
s3070,17
s3071,45
s3072,21
s3074,1
s3075,21
s3076,1
s3077,21
s3078,3
s3079,3
s3080,17
s3081,1
s3082,1
s3083,59
s3083,53
s3085,21
s3085,16
s3085,1
s3085,15
s3086,21
s3088,15
s3089,17
s3090,17
s3091,2
s3092,25
s3092,65
s3092,74
s3093,1
s3095,23
s3096,13
s3097,1
s3098,1
s3099,17
s3100,1
s3101,38
s3101,1
s3102,13
s3102,17
s3103,1
s3104,17
s3105,10
s3106,1
s3107,1
s3108,1
s3109,1
s3110,12
s3111,18
s3112,61
s3112,2
s3113,18
s3115,18
s3117,6
s3117,23
s3118,1
s3118,42
s3119,1
s3119,10
s3120,13
s3121,42
s3122,6
s3122,1
s3123,1
s3124,1
s3125,70
s3126,6
s3126,1
s3126,7
s3126,47
s3126,20
s3126,17
s3127,3
s3128,21
s3129,1
s3130,21
s3131,18
s3132,3
s3133,3
s3134,3
s3135,3
s3135,7
s3136,3
s3137,3
s3138,17
s3140,3
s3141,18
s3142,3
s3143,3
s3144,3
s3145,4
s3146,3
s3147,1
s3148,3
s3149,1
s3150,3
s3151,1
s3152,18
s3153,2
s3154,18
s3156,39
s3158,6
s3159,3
s3159,6
s3159,16
s3159,1
s3160,46
s3161,1
s3162,1
s3163,1
s3164,3
s3165,33
s3166,1
s3167,18
s3169,1
s3170,6
s3170,1
s3171,17
s3172,18
s3173,1
s3174,17
s3175,33
s3176,1
s3177,19
s3179,18
s3180,6
s3180,18
s3181,1
s3182,1
s3183,1
s3184,1
s3185,15
s3186,36
s3187,1
s3188,1
s3189,1
s3190,3
s3191,1
s3192,56
s3192,1
s3193,1
s3194,3
s3195,12
s3196,3
s3197,3
s3198,6
s3199,3
s3201,44
s3202,3
s3203,13
s3204,24
s3204,40
s3204,52
s3205,21
s3206,65
s3206,85
s3207,3
s3208,13
s3208,73
s3208,20
s3209,6
s3209,16
s3210,18
s3211,13
s3212,2
s3213,10
s3213,1
s3213,19
s3213,36
s3215,18
s3216,18
s3218,18
s3219,1
s3220,17
s3221,33
s3222,1
s3223,13
s3224,1
s3225,3
s3227,16
s3227,59
s3228,1
s3229,1
s3230,1
s3231,42
s3233,10
s3234,3
s3235,19
s3236,1
s3237,15
s3238,13
s3239,1
s3240,17
s3241,1
s3242,1
s3243,1
s3244,33
s3245,1
s3246,22
s3246,1
s3247,1
s3247,16
s3248,1
s3249,1
s3250,44
s3251,1
s3252,3
s3253,7
s3254,10
s3255,3
s3256,13
s3257,1
s3259,39
s3260,14
s3260,7
s3260,20
s3261,1
s3262,6
s3262,13
s3263,1
s3263,67
s3264,39
s3265,6
s3265,17
s3265,1
s3266,36
s3267,25
s3268,3
s3269,3
s3270,1
s3271,21
s3272,17
s3273,17
s3274,19
s3274,6
s3275,39
s3276,1
s3277,39
s3278,21
s3279,3
s3279,1
s3280,10
s3281,17
s3282,44
s3283,1
s3284,11
s3286,13
s3287,44
s3288,25
s3288,1
s3288,10
s3289,21
s3290,1
s3291,1
s3292,15
s3293,1
s3294,3
s3295,6
s3296,6
s3296,16
s3296,1
s3297,1
s3298,13
s3299,36
s3300,3
s3301,1
s3302,17
s3303,15
s3303,27
s3304,33
s3305,1
s3306,1
s3307,6
s3308,1
s3309,21
s3310,1
s3311,6
s3312,1
s3313,3
s3314,1
s3315,1
s3316,1
s3317,1
s3318,1
s3318,16
s3319,1
s3320,1
s3320,21
s3320,17
s3321,1
s3321,16
s3322,1
s3323,1
s3324,1
s3324,16
s3325,1
s3326,1
s3327,19
s3328,1
s3329,13
s3330,1
s3331,1
s3332,1
s3333,6
s3334,17
s3335,3
s3336,1
s3337,17
s3338,1
s3339,1
s3340,17
s3341,17
s3342,17
s3343,1
s3343,17
s3344,1
s3345,1
s3346,16
s3346,12
s3348,6
s3348,52
s3348,12
s3349,23
s3349,20
s3350,10
s3351,16
s3352,25
s3352,19
s3353,7
s3354,10
s3355,25
s3356,1
s3356,17
s3357,39
s3359,21
s3360,3
s3361,21
s3363,1
s3364,1
s3365,1
s3366,10
s3366,1
s3367,6
s3368,15
s3369,15
s3370,1
s3371,33
s3372,11
s3373,1
s3374,19
s3375,1
s3375,6
s3375,7
s3376,25
s3378,13
s3379,19
s3380,1
s3381,37
s3382,15
s3383,1
s3384,1
s3385,22
s3385,50
s3386,1
s3387,1
s3388,27
s3388,15
s3389,1
s3390,6
s3392,13
s3392,20
s3392,68
s3392,24
s3392,16
s3392,1
s3393,2
s3393,18
s3399,1
s3401,6
s3402,6
s3403,11
s3404,3
s3406,19
s3407,1
s3408,18
s3409,6
s3410,1
s3411,49
s3412,18
s3413,3
s3414,45
s3415,15
s3416,12
s3417,21
s3418,1
s3419,1
s3420,21
s3421,21
s3422,1
s3422,6
s3423,1
s3424,11
s3425,16
s3426,13
s3427,21
s3428,11
s3429,1
s3430,1
s3431,1
s3432,18
s3433,17
s3434,13
s3435,19
s3435,13
s3438,17
s3439,1
s3440,1
s3441,1
s3442,1
s3443,1
s3444,45
s3445,10
s3446,21
s3447,3
s3448,6
s3448,27
s3449,11
s3450,6
s3450,16
s3451,16
s3451,1
s3452,11
s3453,6
s3454,1
s3455,1
s3457,1
s3458,1
s3459,1
s3460,10
s3461,1
s3462,21
s3463,21
s3464,3
s3465,3
s3466,49
s3467,3
s3468,3
s3469,3
s3471,21
s3472,1
s3473,7
s3473,1
s3474,21
s3475,21
s3476,1
s3477,1
s3478,1
s3479,6
s3481,17
s3482,3
s3483,11
s3484,25
s3485,1
s3485,16
s3486,1
s3487,3
s3488,27
s3488,15
s3489,10
s3490,1
s3491,1
s3491,10
s3492,12
s3495,1
s3496,1
s3497,3
s3498,1
s3499,3
s3500,21
s3501,1
s3503,7
s3504,19
s3505,1
s3506,1
s3507,19
s3508,11
s3509,16
s3510,3
s3511,21
s3512,6
s3513,1
s3514,1
s3515,1
s3516,1
s3517,3
s3518,1
s3519,1
s3520,17
s3521,11
s3522,13
s3523,15
s3524,1
s3526,1
s3527,1
s3528,1
s3529,1
s3529,6
s3530,6
s3531,3
s3532,3
s3533,3
s3534,11
s3535,13
s3536,1
s3537,83
s3538,3
s3539,33
s3539,1
s3541,1
s3542,17
s3543,47
s3543,33
s3543,13
s3543,71
s3543,53
s3544,6
s3545,1
s3546,58
s3547,15
s3547,6
s3549,36
s3550,67
s3552,6
s3552,1
s3553,36
s3554,1
s3554,16
s3555,19
s3556,1
s3557,33
s3558,1
s3559,6
s3560,1
s3561,27
s3562,1
s3564,3
s3565,3
s3566,15
s3566,39
s3567,3
s3568,1
s3570,3
s3570,11
s3572,1
s3573,56
s3574,6
s3575,6
s3576,19
s3577,25
s3578,28
s3579,1
s3580,36
s3581,21
s3581,1
s3582,1
s3583,1
s3584,1
s3585,16
s3586,15
s3587,19
s3588,19
s3589,1
s3589,17
s3590,3
s3590,1
s3591,39
s3592,33
s3594,3
s3595,3
s3596,1
s3597,10
s3598,1
s3599,1
s3601,1
s3602,1
s3603,3
s3604,1
s3605,33
s3606,1
s3607,21
s3608,54
s3609,1
s3610,50
s3610,22
s3610,27
s3611,21
s3612,21
s3613,21
s3614,21
s3615,21
s3616,1
s3617,3
s3618,1
s3619,56
s3620,1
s3621,1
s3622,1
s3623,1
s3624,1
s3624,17
s3625,1
s3626,10
s3627,49
s3628,1
s3630,6
s3630,1
s3631,3
s3632,3
s3633,44
s3634,12
s3635,16
s3637,1
s3638,19
s3639,56
s3639,22
s3640,13
s3640,20
s3641,21
s3642,25
s3643,1
s3644,1
s3645,12
s3645,16
s3646,1
s3647,1
s3648,27
s3649,27
s3650,27
s3650,15
s3651,27
s3651,15
s3652,27
s3653,19
s3654,1
s3655,1
s3656,3
s3657,21
s3658,1
s3659,3
s3660,1
s3661,15
s3662,3
s3663,1
s3664,17
s3665,17
s3666,17
s3667,17
s3668,1
s3669,19
s3670,53
s3671,39
s3671,15
s3671,13
s3671,1
s3673,7
s3674,21
s3676,13
s3676,1
s3677,7
s3677,23
s3679,19
s3680,1
s3681,1
s3682,25
s3683,15
s3684,1
s3686,1
s3687,1
s3688,12
s3689,44
s3690,44
s3691,21
s3692,1
s3693,1
s3694,1
s3695,13
s3696,13
s3697,17
s3698,1
s3698,19
s3699,44
s3700,3
s3701,1
s3702,3
s3703,1
s3704,36
s3704,78
s3704,6
s3705,1
s3706,12
s3707,10
s3708,12
s3708,1
s3709,19
s3710,6
s3712,10
s3713,17
s3714,3
s3715,3
s3716,1
s3717,17
s3718,44
s3718,15
s3718,1
s3719,25
s3719,1
s3720,36
s3721,17
s3722,1
s3723,25
s3724,17
s3725,17
s3726,1
s3727,32
s3728,1
s3729,17
s3730,3
s3731,13
s3732,1
s3733,33
s3734,1
s3735,1
s3736,7
s3737,17
s3738,17
s3739,53
s3739,1
s3740,3
s3741,3
s3742,17
s3743,15
s3744,19
s3745,20
s3746,1
s3747,13
s3747,20
s3748,33
s3750,1
s3751,3
s3752,1
s3753,1
s3754,1
s3755,10
s3756,35
s3757,1
s3758,45
s3759,1
s3760,1
s3761,50
s3762,65
s3762,19
s3762,10
s3763,1
s3764,19
s3765,12
s3766,3
s3767,13
s3767,68
s3767,16
s3768,7
s3769,3
s3770,1
s3771,1
s3772,1
s3773,7
s3774,17
s3775,6
s3776,49
s3777,1
s3778,1
s3779,1
s3780,1
s3781,21
s3782,3
s3783,39
s3784,3
s3785,17
s3786,24
s3787,27
s3788,16
s3789,3
s3791,3
s3792,15
s3793,1
s3794,21
s3795,1
s3796,1
s3798,62
s3799,1
s3800,1
s3801,1
s3802,1
s3804,1
s3804,10
s3805,3
s3806,1
s3807,1
s3808,10
s3809,10
s3810,19
s3811,47
s3811,19
s3812,19
s3813,1
s3814,56
s3816,23
s3817,1
s3818,6
s3819,1
s3820,3
s3821,6
s3822,6
s3823,3
s3824,25
s3826,1
s3827,17
s3828,1
s3829,1
s3830,1
s3831,32
s3832,15
s3832,27
s3833,67
s3833,25
s3834,13
s3835,27
s3835,15
s3836,1
s3837,19
s3839,33
s3840,15
s3841,1
s3842,1
s3843,39
s3853,21
s3855,48
s3856,54
s3858,6
s3858,20
s3858,53
s3859,15
s3860,1
s3861,10
s3862,16
s3862,33
s3863,19
s3864,1
s3865,6
s3866,21
s3867,1
s3868,1
s3869,3
s3870,1
s3871,17
s3872,6
s3873,1
s3874,50
s3875,3
s3876,27
s3877,39
s3878,1
s3879,27
s3880,17
s3882,39
s3884,39
s3885,1
s3886,3
s3887,10
s3887,1
s3888,1
s3889,36
s3890,11
s3891,3
s3892,1
s3893,1
s3895,47
s3898,39
s3899,12
s3900,3
s3901,39
s3902,17
s3902,1
s3903,33
s3904,1
s3905,23
s3905,13
s3906,6
s3907,10
s3909,6
s3911,3
s3912,3
s3913,1
s3914,3
s3914,13
s3915,3
s3916,3
s3917,3
s3918,3
s3919,3
s3920,1
s3921,1
s3922,19
s3923,11
s3924,11
s3925,23
s3926,1
s3927,1
s3928,1
s3929,21
s3930,33
s3931,16
s3931,7
s3932,1
s3933,3
s3935,1
s3936,1
s3937,6
s3938,1
s3939,1
s3939,6
s3940,3
s3941,53
s3942,50
s3943,16
s3943,1
s3944,1
s3945,10
s3946,1
s3947,21
s3949,45
s3950,54
s3951,3
s3952,50
s3953,1
s3955,15
s3956,83
s3956,58
s3957,21
s3958,1
s3959,1
s3959,17
s3960,1
s3961,4
s3961,1
s3962,6
s3963,3
s3964,10
s3964,14
s3965,13
s3966,1
s3967,1
s3968,1
s3970,6
s3971,13
s3971,16
s3972,17
s3973,45
s3974,45
s3975,1
s3976,3
s3978,19
s3979,44
s3980,1
s3981,10
s3982,3
s3983,19
s3984,1
s3986,1
s3987,1
s3989,16
s3990,17
s3991,56
s3992,56
s3993,56
s3994,56
s3995,56
s3996,65
s3998,3
s3999,17
s4000,1
s4001,1
s4002,39
s4003,58
s4003,6
s4003,3
s4004,13
s4004,20
s4005,23
s4006,49
s4006,20
s4007,19
s4008,1
s4009,1
s4010,1
s4011,1
s4012,1
s4012,39
s4014,50
s4015,6
s4017,6
s4018,56
s4019,56
s4020,56
s4021,56
s4022,56
s4023,46
s4024,46
s4025,1
s4027,46
s4028,46
s4029,1
s4031,46
s4032,58
s4033,11
s4034,1
s4035,13
s4037,1
s4038,1
s4039,56
s4040,56
s4041,56
s4042,56
s4043,1
s4044,12
s4045,21
s4046,1
s4047,56
s4048,56
s4049,17
s4051,62
s4051,86
s4051,1
s4052,44
s4053,44
s4054,13
s4054,20
s4055,3
s4058,16
s4059,16
s4060,1
s4060,13
s4061,1
s4063,6
s4063,87
s4064,17
s4065,88
s4065,25
s4066,1
s4067,19
s4067,13
s4068,19
s4068,13
s4069,56
s4070,56
s4071,56
s4072,56
s4073,3
s4074,56
s4075,56
s4076,56
s4077,56
s4078,56
s4079,56
s4080,1
s4081,1
s4082,3
s4083,19
s4084,1
s4085,1
s4086,3
s4087,1
s4088,13
s4089,3
s4090,6
s4091,33
s4092,21
s4093,1
s4094,16
s4095,3
s4096,6
s4096,28
s4096,1
s4097,1
s4098,3
s4099,3
s4100,1
s4101,33
s4102,3
s4103,3
s4104,3
s4105,47
s4107,3
s4108,3
s4109,3
s4111,32
s4112,25
s4113,3
s4114,19
s4115,1
s4115,16
s4116,1
s4117,19
s4118,1
s4119,39
s4120,20
s4121,1
s4122,1
s4123,1
s4124,1
s4125,19
s4126,46
s4127,46
s4128,21
s4129,1
s4130,6
s4131,46
s4132,17
s4133,21
s4134,6
s4135,3
s4136,1
s4137,39
s4138,1
s4139,1
s4140,1
s4141,1
s4142,1
s4143,1
s4144,28
s4145,17
s4146,1
s4146,16
s4147,1
s4148,50
s4149,15
s4149,27
s4152,3
s4152,83
s4153,3
s4155,21
s4156,19
s4158,45
s4158,22
s4159,3
s4160,45
s4161,45
s4162,45
s4163,39
s4164,1
s4165,56
s4166,19
s4166,20
s4167,6
s4168,10
s4169,19
s4170,25
s4170,19
s4171,1
s4171,7
s4173,1
s4174,25
s4175,11
s4176,6
s4176,1
s4177,1
s4178,1
s4179,1
s4181,33
s4182,10
s4183,3
s4184,6
s4186,1
s4187,83
s4188,3
s4189,3
s4190,39
s4191,3
s4192,83
s4193,21
s4194,1
s4195,45
s4196,45
s4197,39
s4198,3
s4199,56
s4201,1
s4202,30
s4203,6
s4204,1
s4205,19
s4206,1
s4207,19
s4207,6
s4208,38
s4209,17
s4210,3
s4211,70
s4212,44
s4213,57
s4213,53
s4213,20
s4215,18
s4218,6
s4219,1
s4220,44
s4221,1
s4222,3
s4223,1
s4224,17
s4225,3
s4226,3
s4227,89
s4228,1
s4229,1
s4230,6
s4232,6
s4233,6
s4234,1
s4236,6
s4237,10
s4238,1
s4239,1
s4240,1
s4241,1
s4242,39
s4244,17
s4245,1
s4246,1
s4247,6
s4248,6
s4249,1
s4250,1
s4252,44
s4253,65
s4253,25
s4253,19
s4254,1
s4255,38
s4256,3
s4257,1
s4258,3
s4260,19
s4261,1
s4262,39
s4263,6
s4263,30
s4263,1
s4265,6
s4267,1
s4268,13
s4268,20
s4269,1
s4270,39
s4271,17
s4272,39
s4273,39
s4274,7
s4275,17
s4276,42
s4276,1
s4277,11
s4278,22
s4279,17
s4280,17
s4281,22
s4282,22
s4283,22
s4284,3
s4285,1
s4286,3
s4287,1
s4288,3
s4289,15
s4290,1
s4291,1
s4292,1
s4293,16
s4293,7
s4293,13
s4293,1
s4294,1
s4295,6
s4295,17
s4296,1
s4297,6
s4298,56
s4299,1
s4300,1
s4301,1
s4302,1
s4303,19
s4304,3
s4305,21
s4307,10
s4307,1
s4308,1
s4309,1
s4310,12
s4311,16
s4311,1
s4312,1
s4313,17
s4314,1
s4315,1
s4316,23
s4317,7
s4318,1
s4320,6
s4320,1
s4321,1
s4322,12
s4325,1
s4327,21
s4328,21
s4329,83
s4330,15
s4330,27
s4331,27
s4332,10
s4333,59
s4333,47
s4333,49
s4333,53
s4334,27
s4334,15
s4335,27
s4336,3
s4337,50
s4338,27
s4339,27
s4339,15
s4340,12
s4342,27
s4342,15
s4342,1
s4343,15
s4343,27
s4344,27
s4346,27
s4347,3
s4348,1
s4349,27
s4350,15
s4351,42
s4351,1
s4352,1
s4353,30
s4353,16
s4354,1
s4355,10
s4356,23
s4356,37
s4356,13
s4356,7
s4357,17
s4358,3
s4359,3
s4360,1
s4360,16
s4361,13
s4362,10
s4362,49
s4363,1
s4364,1
s4364,53
s4365,1
s4366,16
s4367,19
s4368,6
s4369,1
s4370,1
s4371,19
s4374,1
s4374,16
s4375,45
s4376,45
s4377,1
s4378,1
s4379,1
s4380,15
s4381,1
s4381,10
s4382,1
s4383,1
s4384,13
s4384,20
s4385,16
s4386,1
s4387,1
s4388,33
s4389,3
s4391,16
s4392,3
s4393,45
s4394,3
s4395,3
s4396,3
s4397,19
s4398,56
s4400,47
s4401,7
s4401,13
s4401,28
s4402,27
s4403,7
s4404,1
s4405,6
s4405,1
s4406,33
s4407,36
s4408,21
s4408,1
s4409,1
s4410,13
s4410,20
s4411,1
s4412,3
s4413,1
s4414,50
s4415,33
s4417,1
s4418,1
s4419,13
s4419,90
s4419,1
s4420,1
s4421,3
s4422,3
s4423,3
s4424,3
s4425,3
s4426,3
s4427,3
s4428,3
s4429,16
s4430,3
s4431,25
s4432,6
s4432,3
s4433,3
s4434,3
s4435,1
s4436,33
s4437,1
s4438,3
s4439,3
s4440,3
s4441,3
s4442,3
s4443,3
s4444,3
s4445,3
s4446,3
s4447,3
s4448,1
s4449,3
s4450,3
s4451,1
s4452,3
s4453,3
s4454,3
s4455,3
s4456,3
s4457,3
s4458,3
s4459,3
s4460,3
s4461,1
s4463,1
s4464,2
s4465,3
s4466,3
s4467,3
s4468,19
s4468,13
s4469,56
s4470,17
s4471,27
s4471,15
s4473,28
s4473,42
s4473,74
s4474,19
s4474,71
s4475,36
s4476,1
s4476,6
s4477,1
s4477,9
s4478,3
s4479,1
s4480,1
s4481,1
s4483,1
s4484,15
s4485,1
s4486,1
s4487,78
s4488,15
s4489,12
s4490,1
s4491,10
s4491,25
s4493,6
s4493,16
s4493,1
s4493,72
s4494,21
s4495,1
s4496,1
s4497,3
s4499,44
s4500,27
s4500,15
s4501,45
s4501,1
s4502,6
s4503,3
s4504,16
s4505,12
s4506,1
s4507,3
s4508,3
s4509,6
s4510,3
s4511,6
s4511,1
s4513,19
s4513,13
s4514,1
s4516,45
s4517,1
s4518,1
s4519,1
s4520,1
s4520,38
s4520,6
s4520,16
s4523,59
s4523,57
s4523,1
s4524,33
s4525,1
s4526,1
s4527,50
s4528,1
s4529,1
s4531,9
s4531,1
s4532,17
s4533,6
s4534,1
s4536,21
s4538,6
s4538,3
s4538,1
s4539,1
s4540,1
s4540,40
s4541,1
s4543,6
s4545,6
s4546,6
s4547,1
s4548,6
s4549,6
s4550,6
s4551,6
s4551,91
s4552,6
s4553,6
s4554,1
s4554,6
s4555,6
s4556,6
s4557,3
s4558,16
s4559,3
s4560,3
s4561,3
s4562,3
s4563,3
s4564,3
s4566,3
s4568,3
s4569,3
s4570,3
s4571,1
s4572,3
s4573,3
s4574,3
s4575,3
s4576,3
s4577,3
s4578,3
s4579,3
s4580,3
s4581,3
s4582,3
s4583,3
s4584,3
s4585,3
s4586,3
s4587,3
s4588,3
s4589,3
s4590,1
s4591,1
s4591,16
s4592,1
s4593,3
s4594,3
s4595,3
s4596,3
s4597,3
s4597,1
s4598,3
s4599,3
s4600,3
s4601,3
s4602,3
s4603,3
s4604,3
s4605,1
s4606,3
s4608,3
s4609,6
s4610,3
s4611,3
s4612,3
s4613,3
s4614,3
s4614,12
s4615,3
s4616,83
s4617,1
s4617,6
s4618,33
s4619,15
s4620,1
s4621,1
s4622,1
s4623,16
s4624,21
s4624,1
s4625,45
s4626,19
s4627,6
s4627,1
s4629,17
s4630,1
s4631,1
s4632,33
s4633,1
s4634,17
s4635,16
s4635,1
s4636,54
s4637,1
s4639,10
s4640,1
s4642,38
s4642,1
s4643,1
s4644,15
s4645,1
s4646,21
s4647,23
s4648,1
s4650,49
s4652,1
s4653,1
s4654,1
s4654,29
s4656,1
s4657,15
s4657,16
s4657,1
s4658,1
s4659,1
s4660,20
s4660,6
s4660,1
s4661,3
s4662,6
s4662,1
s4663,44
s4664,1
s4665,39
s4666,13
s4666,20
s4667,3
s4668,3
s4669,3
s4670,3
s4670,7
s4670,62
s4671,12
s4672,13
s4673,19
s4674,1
s4674,9
s4675,1
s4676,19
s4677,1
s4677,33
s4677,21
s4677,10
s4677,17
s4677,7
s4679,36
s4680,3
s4681,3
s4682,3
s4683,1
s4684,1
s4686,3
s4687,16
s4688,15
s4689,1
s4690,6
s4691,3
s4692,3
s4693,3
s4694,3
s4695,3
s4696,1
s4697,1
s4698,19
s4698,10
s4699,1
s4700,21
s4701,3
s4702,1
s4702,3
s4703,12
s4704,1
s4705,1
s4706,6
s4706,13
s4706,1
s4707,1
s4708,1
s4709,25
s4709,19
s4710,1
s4712,39
s4713,3
s4714,3
s4715,3
s4716,15
s4716,17
s4717,19
s4719,1
s4720,3
s4721,3
s4722,3
s4723,3
s4724,3
s4725,3
s4726,3
s4727,3
s4728,3
s4729,3
s4730,3
s4731,3
s4732,3
s4733,3
s4734,3
s4735,3
s4736,3
s4737,3
s4738,3
s4739,10
s4740,1
s4741,25
s4741,13
s4742,17
s4743,17
s4744,13
s4745,17
s4746,12
s4747,12
s4748,12
s4749,13
s4749,20
s4750,10
s4751,10
s4751,1
s4752,1
s4753,17
s4754,12
s4754,1
s4755,19
s4756,3
s4757,1
s4758,19
s4759,6
s4760,32
s4761,15
s4761,1
s4761,6
s4762,1
s4763,1
s4764,17
s4765,16
s4765,1
s4766,33
s4767,19
s4769,19
s4770,17
s4771,12
s4772,1
s4773,15
s4774,1
s4775,1
s4776,10
s4777,38
s4778,6
s4779,1
s4780,21
s4781,1
s4782,25
s4783,1
s4784,19
s4785,13
s4785,68
s4785,1
s4786,1
s4787,1
s4788,1
s4789,1
s4790,15
s4790,1
s4790,12
s4791,3
s4792,1
s4793,3
s4794,3
s4795,1
s4796,3
s4797,3
s4798,3
s4799,1
s4800,10
s4801,3
s4802,1
s4803,3
s4804,1
s4805,1
s4806,19
s4807,6
s4808,6
s4809,67
s4810,6
s4810,1
s4811,36
s4811,10
s4812,1
s4813,1
s4814,1
s4814,16
s4815,1
s4816,33
s4817,17
s4818,13
s4819,1
s4820,1
s4820,16
s4820,30
s4821,6
s4822,1
s4823,15
s4824,12
s4825,1
s4826,3
s4827,38
s4828,78
s4829,1
s4830,19
s4831,67
s4831,78
s4834,1
s4835,12
s4836,10
s4837,13
s4838,1
s4839,17
s4840,3
s4841,44
s4842,13
s4843,1
s4844,7
s4845,1
s4846,1
s4847,1
s4848,19
s4849,21
s4850,25
s4851,1
s4852,1
s4853,1
s4853,10
s4854,17
s4855,1
s4856,2
s4858,16
s4858,1
s4858,13
s4859,1
s4860,25
s4860,23
s4861,3
s4862,17
s4863,17
s4864,1
s4865,1
s4866,1
s4867,10
s4868,1
s4869,6
s4869,1
s4870,1
s4871,1
s4872,7
s4873,1
s4874,16
s4874,17
s4874,1
s4875,1
s4876,6
s4876,16
s4876,1
s4876,7
s4877,13
s4878,1
s4879,23
s4879,37
s4879,92
s4879,42
s4880,1
s4880,17
s4880,16
s4881,10
s4882,15
s4882,27
s4883,19
s4884,36
s4885,69
s4886,3
s4887,3
s4888,23
s4888,1
s4888,25
s4889,1
s4890,25
s4890,19
s4891,1
s4892,16
s4894,19
s4896,1
s4899,13
s4900,3
s4902,1
s4903,19
s4904,43
s4904,55
s4904,46
s4904,54
s4904,48
s4905,3
s4906,13
s4908,1
s4910,19
s4912,1
s4913,1
s4916,7
s4917,1
s4918,33
s4919,21
s4920,1
s4921,1
s4922,16
s4922,1
s4923,1
s4924,33
s4925,7
s4926,13
s4927,1
s4928,1
s4928,16
s4928,45
s4928,6
s4928,15
s4928,22
s4929,1
s4930,13
s4931,1
s4932,36
s4933,6
s4934,56
s4935,1
s4936,1
s4937,19
s4937,36
s4938,1
s4939,1
s4940,10
s4940,1
s4941,25
s4942,6
s4942,2
s4942,12
s4942,1
s4943,13
s4944,40
s4945,13
s4946,3
s4947,1
s4948,25
s4948,33
s4948,13
s4948,42
s4948,7
s4948,47
s4949,3
s4950,53
s4951,1
s4952,6
s4953,3
s4954,3
s4955,3
s4956,3
s4957,3
s4958,6
s4959,6
s4960,1
s4961,1
s4962,1
s4963,10
s4964,6
s4964,19
s4964,1
s4964,7
s4965,16
s4966,16
s4967,16
s4968,6
s4969,6
s4970,56
s4970,60
s4971,1
s4972,49
s4972,20
s4972,7
s4972,35
s4973,1
s4974,6
s4975,1
s4976,3
s4977,1
s4978,58
s4978,1
s4979,25
s4980,1
s4981,1
s4983,17
s4984,53
s4985,46
s4986,20
s4987,42
s4988,21
s4989,17
s4990,6
s4991,1
s4992,17
s4993,6
s4993,1
s4994,1
s4995,21
s4996,3
s4997,40
s4997,1
s4998,59
s4998,7
s4998,53
s4999,1
s5001,1
s5002,25
s5003,67
s5004,16
s5005,16
s5006,1
s5007,1
s5008,3
s5009,3
s5010,3
s5011,1
s5012,7
s5013,3
s5014,19
s5015,3
s5016,16
s5017,16
s5018,16
s5019,16
s5020,16
s5021,3
s5022,3
s5023,21
s5024,6
s5025,1
s5026,19
s5027,21
s5027,15
s5028,13
s5029,6
s5029,7
s5030,1
s5031,6
s5032,21
s5033,6
s5034,17
s5035,25
s5036,1
s5037,1
s5038,1
s5039,17
s5040,1
s5041,3
s5042,1
s5043,6
s5043,16
s5044,93
s5045,1
s5047,1
s5048,1
s5049,1
s5051,52
s5052,21
s5053,1
s5053,10
s5054,1
s5055,1
s5056,7
s5057,1
s5058,6
s5059,19
s5060,1
s5061,22
s5062,10
s5063,25
s5064,1
s5065,40
s5065,1
s5066,21
s5067,36
s5068,1
s5070,1
s5070,32
s5071,17
s5072,1
s5073,1
s5074,16
s5074,1
s5075,6
s5076,19
s5077,36
s5078,17
s5079,1
s5080,94
s5080,3
s5081,3
s5082,12
s5082,58
s5083,1
s5084,9
s5084,1
s5085,1
s5086,21
s5087,1
s5088,36
s5089,3
s5091,6
s5091,1
s5092,1
s5093,17
s5094,1
s5095,19
s5096,17
s5097,17
s5098,6
s5099,17
s5100,13
s5101,1
s5102,1
s5103,16
s5104,13
s5105,13
s5107,7
s5108,1
s5109,1
s5111,1
s5112,6
s5113,12
s5113,1
s5114,1
s5115,25
s5116,16
s5117,10
s5117,1
s5118,6
s5119,16
s5119,7
s5119,2
s5120,21
s5122,1
s5123,3
s5124,1
s5125,21
s5125,15
s5125,1
s5126,1
s5127,1
s5128,1
s5130,1
s5131,3
s5132,3
s5132,94
s5133,12
s5133,1
s5134,1
s5135,1
s5136,3
s5137,17
s5137,1
s5138,1
s5139,1
s5140,50
s5141,1
s5142,17
s5143,3
s5143,10
s5144,93
s5144,7
s5144,13
s5145,13
s5147,58
s5147,24
s5148,1
s5149,1
s5150,6
s5151,6
s5152,3
s5153,1
s5154,19
s5155,17
s5158,21
s5159,1
s5160,1
s5161,12
s5161,16
s5162,1
s5163,1
s5164,1
s5165,16
s5165,1
s5166,1
s5167,1
s5168,1
s5169,1
s5170,17
s5171,28
s5172,1
s5173,16
s5174,17
s5175,17
s5176,1
s5177,10
s5178,33
s5179,17
s5180,1
s5181,1
s5182,1
s5183,1
s5184,3
s5186,16
s5187,3
s5188,19
s5189,58
s5190,7
s5191,15
s5196,22
s5197,1
s5198,1
s5199,1
s5200,16
s5201,1
s5202,1
s5203,1
s5204,1
s5205,6
s5206,16
s5206,1
s5207,6
s5208,1
s5209,1
s5210,1
s5211,1
s5212,1
s5213,13
s5214,1
s5215,3
s5218,3
s5219,32
s5220,13
s5221,3
s5221,50
s5222,1
s5223,7
s5223,35
s5223,49
s5224,11
s5224,13
s5224,7
s5224,42
s5225,10
s5226,6
s5227,1
s5228,1
s5229,43
s5230,19
s5231,1
s5232,17
s5233,15
s5234,34
s5234,1
s5235,1
s5236,21
s5237,17
s5238,1
s5238,16
s5239,19
s5240,1
s5240,23
s5241,1
s5242,16
s5244,13
s5244,6
s5244,1
s5245,1
s5246,1
s5247,22
s5248,22
s5249,59
s5249,7
s5250,10
s5251,39
s5252,6
s5253,1
s5254,1
s5256,1
s5258,6
s5259,1
s5261,13
s5261,95
s5262,1
s5263,1
s5263,17
s5264,16
s5265,16
s5266,19
s5266,25
s5267,1
s5268,1
s5269,1
s5270,1
s5270,16
s5271,69
s5271,1
s5272,1
s5272,47
s5273,1
s5274,1
s5275,12
s5276,1
s5277,1
s5278,1
s5279,19
s5280,67
s5281,1
s5283,1
s5284,1
s5285,1
s5286,1
s5287,1
s5288,1
s5289,39
s5290,39
s5291,3
s5293,17
s5294,17
s5295,1
s5296,3
s5297,3
s5298,17
s5299,17
s5300,1
s5301,3
s5302,1
s5303,1
s5304,3
s5305,3
s5306,1
s5306,36
s5306,10
s5307,7
s5308,1
s5309,13
s5310,3
s5310,94
s5311,25
s5311,19
s5312,15
s5313,6
s5313,23
s5313,38
s5313,78
s5313,1
s5314,25
s5314,65
s5314,19
s5314,13
s5315,25
s5316,1
s5317,1
s5318,12
s5319,1
s5320,1
s5321,1
s5322,1
s5323,1
s5324,6
s5324,13
s5324,1
s5324,20
s5325,11
s5326,1
s5327,1
s5328,17
s5329,1
s5330,1
s5331,10
s5332,1
s5333,1
s5334,1
s5335,3
s5338,3
s5341,1
s5342,13
s5342,16
s5342,15
s5342,69
s5343,10
s5344,1
s5345,6
s5345,13
s5345,20
s5345,1
s5346,1
s5347,19
s5347,7
s5348,22
s5349,39
s5350,21
s5351,28
s5352,30
s5354,1
s5355,39
s5356,28
s5359,1
s5360,12
s5362,67
s5362,13
s5363,22
s5364,6
s5365,13
s5366,6
s5367,6
s5368,1
s5369,1
s5370,1
s5371,53
s5371,1
s5372,3
s5373,1
s5374,19
s5375,19
s5376,1
s5377,1
s5378,1
s5379,1
s5380,1
s5381,1
s5382,16
s5383,15
s5384,15
s5385,15
s5386,1
s5387,15
s5388,13
s5389,11
s5390,12
s5391,22
s5392,3
s5393,1
s5393,16
s5395,49
s5396,11
s5397,3
s5398,6
s5399,3
s5400,22
s5401,3
s5403,19
s5404,22
s5405,22
s5406,22
s5407,22
s5408,22
s5409,3
s5410,22
s5411,22
s5412,19
s5413,1
s5413,16
s5414,1
s5414,6
s5415,17
s5416,21
s5416,1
s5417,1
s5418,1
s5419,49
s5419,1
s5420,1
s5421,3
s5422,1
s5423,1
s5423,17
s5423,16
s5424,1
s5425,1
s5426,1
s5427,1
s5428,1
s5429,23
s5429,1
s5430,3
s5431,33
s5432,6
s5433,1
s5434,21
s5435,21
s5436,21
s5437,21
s5438,15
s5439,21
s5440,21
s5441,16
s5441,1
s5442,3
s5443,45
s5444,19
s5445,6
s5446,1
s5447,21
s5448,3
s5449,6
s5450,1
s5451,6
s5452,6
s5453,3
s5454,1
s5455,33
s5456,13
s5456,6
s5456,3
s5457,16
s5457,1
s5458,22
s5460,1
s5461,3
s5462,3
s5463,3
s5464,19
s5465,47
s5466,22
s5467,6
s5468,6
s5469,1
s5470,3
s5471,1
s5472,1
s5473,3
s5474,1
s5475,13
s5477,17
s5478,44
s5479,33
s5480,1
s5481,1
s5482,3
s5483,3
s5484,1
s5485,1
s5486,3
s5487,9
s5487,96
s5488,7
s5488,1
s5490,1
s5491,6
s5492,13
s5492,16
s5493,1
s5494,1
s5495,12
s5496,10
s5497,1
s5498,1
s5499,22
s5499,13
s5500,3
s5501,3
s5502,13
s5502,20
s5503,13
s5503,20
s5504,6
s5505,16
s5506,3
s5507,16
s5508,19
s5508,37
s5509,1
s5509,12
s5509,15
s5510,21
s5511,21
s5512,1
s5513,16
s5513,1
s5514,21
s5515,19
s5516,3
s5517,2
s5517,1
s5517,7
s5518,53
s5519,1
s5520,16
s5521,1
s5522,1
s5523,1
s5524,1
s5525,1
s5526,1
s5527,7
s5528,7
s5529,7
s5530,23
s5531,18
s5532,13
s5532,20
s5533,19
s5534,1
s5535,10
s5536,1
s5537,1
s5538,21
s5539,1
s5540,19
s5540,25
s5541,1
s5542,1
s5543,11
s5544,33
s5545,1
s5546,3
s5547,1
s5548,3
s5549,1
s5550,3
s5551,19
s5552,25
s5553,19
s5554,6
s5556,6
s5557,1
s5558,1
s5559,1
s5559,6
s5559,12
s5560,33
s5561,1
s5562,1
s5563,1
s5564,17
s5565,1
s5566,1
s5567,1
s5568,12
s5569,21
s5570,17
s5571,6
s5571,17
s5571,1
s5572,3
s5573,16
s5574,6
s5575,3
s5576,1
s5577,1
s5578,71
s5578,19
s5579,1
s5580,1
s5581,21
s5582,11
s5583,1
s5584,6
s5585,3
s5586,21
s5587,1
s5588,3
s5589,33
s5590,33
s5591,1
s5592,10
s5593,21
s5594,11
s5595,1
s5596,19
s5597,1
s5598,19
s5598,23
s5598,25
s5599,21
s5600,3
s5601,7
s5602,21
s5603,16
s5604,21
s5605,19
s5606,67
s5606,19
s5606,25
s5606,7
s5607,1
s5608,6
s5609,21
s5610,17
s5611,6
s5611,1
s5612,23
s5613,91
s5614,1
s5615,10
s5616,1
s5617,3
s5618,3
s5619,3
s5620,19
s5621,19
s5622,16
s5622,1
s5623,1
s5624,10
s5625,13
s5626,6
s5627,33
s5628,1
s5629,13
s5630,3
s5631,1
s5632,1
s5633,7
s5634,62
s5634,9
s5635,7
s5636,7
s5637,13
s5638,1
s5639,54
s5639,60
s5640,1
s5641,1
s5642,6
s5642,35
s5642,60
s5642,90
s5643,1
s5644,1
s5645,16
s5646,1
s5647,1
s5648,3
s5649,1
s5650,13
s5650,20
s5651,1
s5652,3
s5653,10
s5654,21
s5655,17
s5656,1
s5657,10
s5658,1
s5659,1
s5660,13
s5660,21
s5660,17
s5661,1
s5662,1
s5663,6
s5664,1
s5665,7
s5666,21
s5667,6
s5668,21
s5669,21
s5670,21
s5671,15
s5672,21
s5673,17
s5674,21
s5675,6
s5676,21
s5677,38
s5677,7
s5677,13
s5678,16
s5678,17
s5678,49
s5679,10
s5680,1
s5681,6
s5682,1
s5683,1
s5683,52
s5684,1
s5685,39
s5686,1
s5687,13
s5687,7
s5688,1
s5689,1
s5690,1
s5691,1
s5692,13
s5693,16
s5694,16
s5694,1
s5695,1
s5696,1
s5697,3
s5698,1
s5699,78
s5700,39
s5701,39
s5702,3
s5703,1
s5704,39
s5705,1
s5706,3
s5707,10
s5708,1
s5709,1
s5710,1
s5711,3
s5712,10
s5713,1
s5714,1
s5715,13
s5715,60
s5716,36
s5717,6
s5718,7
s5719,3
s5720,1
s5721,13
s5722,1
s5723,57
s5724,6
s5725,1
s5726,62
s5727,6
s5728,39
s5729,39
s5730,39
s5731,39
s5732,39
s5733,39
s5734,1
s5736,19
s5737,16
s5738,16
s5738,1
s5739,6
s5739,7
s5739,16
s5740,13
s5741,13
s5741,20
s5742,16
s5743,13
s5744,19
s5745,1
s5746,1
s5747,13
s5748,17
s5749,17
s5750,17
s5751,13
s5752,17
s5753,6
s5753,13
s5754,17
s5755,1
s5756,1
s5757,1
s5758,1
s5759,1
s5760,1
s5761,30
s5761,2
s5762,1
s5763,39
s5764,39
s5765,32
s5766,33
s5767,39
s5768,3
s5769,39
s5770,1
s5770,28
s5771,67
s5771,1
s5771,13
s5772,39
s5773,19
s5774,1
s5774,16
s5775,1
s5777,49
s5778,39
s5779,3
s5780,1
s5781,23
s5782,39
s5783,47
s5783,1
s5784,1
s5785,1
s5786,1
s5793,16
s5793,1
s5794,1
s5795,1
s5796,6
s5797,1
s5798,1
s5799,6
s5801,1
s5802,6
s5803,6
s5804,1
s5805,6
s5806,39
s5807,6
s5808,17
s5809,1
s5810,1
s5811,1
s5812,1
s5813,6
s5814,1
s5815,6
s5816,1
s5817,1
s5818,1
s5819,1
s5820,1
s5821,1
s5822,6
s5823,6
s5824,6
s5825,1
s5826,36
s5827,6
s5828,1
s5829,1
s5830,1
s5830,13
s5831,1
s5832,1
s5833,16
s5834,3
s5834,6
s5835,17
s5836,1
s5837,1
s5838,3
s5840,10
s5841,1
s5842,15
s5842,27
s5843,1
s5844,17
s5845,12
s5846,12
s5847,1
s5848,1
s5849,16
s5849,6
s5849,1
s5850,1
s5851,1
s5852,20
s5852,13
s5852,49
s5853,1
s5854,17
s5854,1
s5855,1
s5856,16
s5857,17
s5858,1
s5859,16
s5860,6
s5861,6
s5862,1
s5863,1
s5864,17
s5865,15
s5865,1
s5866,1
s5867,1
s5868,1
s5869,1
s5870,1
s5872,1
s5873,10
s5874,27
s5874,15
s5875,27
s5875,15
s5876,1
s5877,1
s5878,13
s5879,1
s5880,1
s5881,16
s5882,1
s5883,17
s5884,1
s5885,1
s5886,1
s5887,1
s5888,1
s5889,1
s5890,1
s5891,1
s5892,1
s5893,1
s5894,6
s5894,97
s5894,1
s5895,1
s5897,1
s5898,1
s5899,1
s5900,1
s5901,1
s5902,1
s5903,7
s5903,12
s5903,13
s5903,15
s5904,1
s5905,1
s5906,1
s5907,1
s5908,1
s5909,6
s5910,10
s5911,1
s5912,1
s5913,1
s5914,1
s5915,13
s5916,1
s5917,1
s5918,1
s5919,1
s5921,1
s5922,1
s5923,59
s5923,1
s5924,16
s5925,1
s5926,6
s5926,29
s5927,1
s5928,1
s5929,1
s5930,1
s5931,1
s5931,98
s5931,99
s5932,1
s5933,1
s5934,1
s5934,52
s5934,30
s5934,16
s5935,1
s5936,6
s5936,46
s5936,1
s5937,1
s5938,1
s5939,1
s5940,1
s5940,6
s5941,1
s5942,1
s5943,1
s5944,1
s5945,1
s5946,1
s5947,1
s5948,1
s5949,1
s5950,1
s5951,1
s5952,1
s5953,1
s5954,1
s5954,13
s5954,6
s5955,19
s5955,10
s5955,13
s5956,1
s5957,47
s5958,1
s5959,1
s5960,1
s5961,1
s5962,3
s5963,3
s5964,18
s5966,59
s5966,57
s5966,1
s5967,3
s5968,6
s5969,3
s5970,3
s5971,3
s5972,1
s5973,16
s5974,16
s5976,57
s5977,11
s5978,1
s5979,11
s5980,1
s5981,1
s5982,1
s5982,2
s5983,19
s5984,1
s5985,6
s5986,1
s5987,21
s5988,1
s5989,1
s5991,27
s5991,15
s5991,22
s5992,1
s5993,1
s5993,7
s5994,1
s5995,1
s5996,1
s5997,1
s5998,21
s5999,6
s6000,1
s6001,1
s6002,3
s6003,1
s6004,2
s6004,15
s6004,1
s6005,25
s6006,6
s6007,1
s6009,1
s6010,45
s6011,16
s6012,46
s6013,1
s6014,47
s6014,13
s6014,42
s6015,1
s6016,1
s6018,1
s6019,1
s6020,1
s6021,45
s6022,32
s6022,6
s6023,3
s6024,1
s6025,3
s6026,83
s6027,1
s6028,1
s6028,15
s6029,3
s6030,1
s6031,1
s6031,6
s6032,6
s6032,1
s6033,1
s6034,49
s6034,47
s6034,2
s6035,16
s6035,1
s6036,3
s6037,1
s6038,39
s6039,1
s6040,1
s6041,1
s6042,1
s6043,1
s6044,1
s6045,21
s6047,58
s6047,1
s6048,1
s6049,33
s6050,1
s6051,49
s6052,6
s6053,1
s6054,1
s6055,16
s6056,3
s6057,90
s6057,13
s6058,1
s6058,6
s6058,13
s6059,1
s6060,38
s6060,1
s6061,1
s6062,1
s6063,1
s6064,3
s6065,1
s6066,1
s6067,6
s6068,1
s6069,16
s6070,1
s6071,11
s6072,3
s6073,3
s6074,3
s6075,3
s6076,3
s6077,3
s6078,46
s6079,3
s6080,21
s6081,1
s6082,6
s6082,1
s6082,13
s6082,7
s6083,25
s6084,10
s6085,16
s6086,1
s6086,6
s6087,1
s6088,11
s6088,1
s6089,16
s6090,1
s6091,13
s6092,12
s6092,13
s6093,3
s6094,16
s6094,1
s6095,6
s6096,1
s6097,1
s6098,1
s6099,1
s6099,67
s6100,6
s6101,6
s6103,3
s6104,3
s6105,1
s6106,6
s6107,3
s6108,3
s6109,46
s6110,1
s6110,40
s6111,19
s6112,1
s6113,1
s6114,1
s6115,53
s6115,1
s6116,1
s6117,30
s6117,6
s6117,1
s6118,19
s6118,23
s6119,1
s6120,1
s6121,1
s6122,6
s6123,6
s6123,13
s6123,7
s6124,1
s6124,7
s6124,16
s6125,1
s6126,1
s6126,3
s6127,6
s6128,1
s6129,1
s6130,6
s6131,3
s6132,46
s6133,1
s6134,1
s6135,1
s6136,1
s6137,1
s6138,1
s6139,1
s6140,1
s6141,1
s6142,16
s6143,16
s6143,68
s6144,1
s6145,6
s6145,1
s6146,1
s6147,1
s6148,1
s6148,16
s6149,1
s6150,6
s6151,3
s6152,1
s6153,1
s6154,1
s6155,1
s6156,46
s6157,39
s6158,1
s6159,46
s6160,3
s6161,19
s6162,1
s6163,1
s6164,1
s6165,1
s6166,3
s6166,7
s6167,3
s6168,3
s6169,3
s6170,1
s6171,33
s6171,49
s6171,1
s6171,36
s6171,62
s6171,7
s6172,1
s6173,46
s6175,1
s6176,1
s6177,3
s6178,17
s6179,1
s6180,1
s6181,1
s6181,16
s6182,13
s6182,16
s6182,20
s6183,1
s6184,46
s6185,45
s6186,1
s6187,6
s6187,1
s6188,1
s6189,1
s6190,1
s6191,21
s6192,1
s6193,16
s6194,1
s6194,16
s6195,16
s6195,13
s6196,6
s6197,67
s6198,6
s6199,12
s6200,40
s6200,1
s6200,19
s6200,16
s6201,1
s6202,53
s6202,49
s6203,3
s6204,3
s6205,11
s6206,13
s6206,1
s6206,10
s6207,3
s6208,33
s6209,16
s6210,1
s6211,12
s6211,6
s6211,58
s6211,16
s6212,1
s6213,1
s6214,6
s6215,22
s6215,1
s6216,1
s6216,16
s6217,3
s6218,3
s6219,1
s6220,67
s6221,1
s6222,1
s6223,1
s6224,83
s6225,11
s6226,1
s6227,1
s6228,44
s6230,44
s6231,44
s6232,19
s6233,3
s6234,12
s6234,100
s6234,17
s6234,35
s6234,10
s6234,101
s6234,32
s6234,56
s6234,2
s6234,53
s6234,1
s6234,65
s6235,1
s6236,1
s6237,1
s6238,1
s6239,1
s6240,1
s6241,1
s6241,16
s6242,1
s6242,16
s6243,1
s6244,1
s6245,1
s6246,67
s6247,3
s6248,1
s6249,1
s6249,13
s6250,23
s6251,1
s6252,1
s6253,1
s6254,6
s6255,3
s6256,3
s6257,1
s6257,12
s6258,1
s6259,28
s6260,7
s6261,6
s6261,1
s6262,1
s6263,16
s6264,21
s6265,16
s6267,1
s6268,1
s6269,45
s6270,46
s6271,6
s6271,30
s6272,1
s6273,1
s6274,17
s6274,1
s6275,1
s6277,11
s6278,3
s6279,6
s6280,1
s6281,16
s6282,1
s6283,1
s6284,1
s6285,1
s6286,11
s6287,7
s6289,1
s6290,3
s6291,46
s6292,17
s6293,1
s6293,3
s6294,3
s6294,90
s6295,3
s6296,3
s6297,3
s6299,3
s6300,3
s6301,3
s6302,1
s6302,13
s6302,17
s6303,1
s6304,1
s6305,6
s6306,1
s6306,7
s6307,1
s6308,47
s6309,1
s6310,6
s6311,1
s6312,6
s6312,13
s6313,1
s6314,3
s6315,3
s6316,16
s6317,1
s6318,51
s6319,16
s6320,19
s6321,3
s6322,1
s6323,1
s6323,6
s6324,11
s6325,19
s6326,1
s6327,1
s6328,1
s6329,25
s6329,19
s6330,1
s6331,1
s6332,1
s6333,1
s6334,12
s6334,1
s6335,13
s6336,44
s6337,13
s6338,1
s6339,13
s6339,20
s6339,19
s6340,1
s6341,1
s6342,6
s6343,1
s6343,13
s6344,7
s6344,1
s6345,1
s6346,16
s6347,1
s6349,16
s6350,47
s6350,53
s6350,38
s6350,1
s6351,3
s6352,6
s6353,30
s6353,6
s6354,1
s6354,57
s6355,1
s6356,1
s6357,49
s6358,12
s6359,1
s6360,3
s6362,6
s6363,1
s6364,6
s6364,28
s6365,6
s6366,16
s6366,1
s6367,33
s6368,1
s6369,1
s6370,1
s6371,1
s6372,1
s6372,38
s6372,23
s6372,2
s6373,1
s6374,1
s6375,3
s6376,12
s6377,1
s6378,1
s6380,1
s6381,15
s6382,1
s6383,16
s6384,16
s6385,16
s6387,45
s6387,22
s6388,49
s6388,47
s6388,13
s6388,7
s6389,1
s6391,1
s6392,1
s6393,21
s6393,17
s6394,6
s6395,1
s6396,1
s6397,20
s6397,13
s6398,1
s6399,6
s6400,45
s6401,25
s6402,21
s6403,6
s6403,83
s6404,3
s6408,23
s6409,10
s6409,1
s6410,1
s6411,1
s6412,16
s6413,1
s6414,21
s6415,1
s6416,1
s6416,6
s6417,13
s6418,13
s6418,32
s6419,3
s6420,30
s6421,1
s6422,56
s6423,6
s6423,1
s6423,12
s6424,1
s6425,1
s6426,1
s6426,10
s6427,17
s6428,6
s6428,9
s6428,1
s6428,7
s6428,102
s6429,27
s6430,27
s6432,1
s6433,15
s6433,7
s6433,3
s6433,1
s6434,1
s6434,12
s6435,16
s6436,59
s6437,3
s6438,1
s6439,3
s6440,3
s6441,3
s6442,83
s6443,7
s6443,103
s6444,1
s6445,45
s6446,1
s6446,53
s6447,6
s6447,1
s6448,1
s6449,1
s6450,3
s6451,1
s6452,16
s6453,27
s6453,15
s6454,1
s6455,3
s6455,13
s6456,12
s6457,1
s6458,21
s6459,1
s6460,6
s6461,6
s6465,3
s6466,3
s6467,1
s6468,18
s6469,1
s6471,15
s6473,1
s6473,3
s6473,70
s6474,6
s6474,1
s6475,1
s6475,16
s6475,13
s6476,1
s6477,1
s6478,1
s6479,16
s6479,1
s6480,1
s6481,1
s6482,1
s6483,25
s6484,50
s6485,83
s6486,3
s6487,1
s6488,6
s6489,33
s6489,13
s6489,7
s6490,6
s6491,6
s6492,1
s6493,1
s6493,6
s6493,12
s6494,1
s6495,1
s6496,3
s6497,1
s6498,1
s6499,6
s6500,1
s6501,6
s6501,1
s6502,7
s6502,1
s6502,27
s6502,22
s6503,13
s6503,7
s6503,37
s6504,1
s6511,1
s6511,7
s6512,1
s6513,3
s6514,1
s6515,1
s6516,3
s6517,7
s6517,13
s6517,68
s6517,6
s6517,1
s6518,3
s6519,16
s6519,1
s6519,6
s6520,1
s6522,1
s6523,3
s6524,6
s6524,16
s6524,23
s6525,1
s6526,9
s6526,13
s6527,1
s6528,51
s6529,30
s6530,11
s6531,3
s6533,1
s6534,1
s6535,16
s6537,1
s6538,16
s6539,12
s6540,1
s6541,1
s6541,7
s6542,3
s6543,13
s6544,39
s6544,27
s6544,1
s6544,15
s6545,1
s6546,1
s6547,3
s6548,11
s6549,1
s6550,6
s6551,1
s6552,1
s6553,25
s6554,3
s6555,1
s6555,3
s6556,1
s6557,12
s6558,7
s6558,12
s6559,7
s6560,10
s6561,6
s6562,1
s6563,1
s6564,30
s6565,3
s6566,6
s6566,42
s6566,1
s6567,1
s6567,6
s6567,13
s6568,3
s6569,3
s6570,3
s6571,6
s6571,1
s6572,15
s6573,39
s6574,1
s6575,49
s6576,1
s6577,6
s6578,3
s6579,1
s6580,1
s6581,3
s6582,1
s6583,16
s6584,1
s6585,1
s6586,6
s6587,1
s6588,12
s6589,3
s6590,1
s6591,1
s6592,47
s6592,81
s6593,1
s6594,1
s6596,1
s6597,46
s6598,6
s6598,2
s6599,1
s6600,14
s6600,53
s6600,59
s6600,104
s6600,7
s6601,16
s6602,3
s6603,3
s6604,1
s6605,3
s6606,15
s6606,27
s6607,6
s6608,6
s6609,13
s6609,20
s6610,6
s6610,1
s6611,3
s6612,1
s6613,1
s6614,16
s6615,27
s6616,1
s6617,1
s6618,2
s6618,1
s6618,32
s6618,16
s6620,1
s6620,23
s6620,6
s6620,105
s6621,1
s6622,1
s6623,1
s6624,47
s6624,13
s6624,20
s6624,23
s6624,49
s6624,1
s6624,6
s6625,1
s6626,1
s6627,1
s6627,12
s6627,10
s6628,13
s6629,13
s6630,13
s6631,6
s6632,6
s6633,1
s6634,1
s6635,6
s6635,9
s6635,7
s6635,1
s6636,1
s6637,27
s6638,1
s6639,1
s6640,1
s6641,13
s6641,15
s6641,17
s6641,1
s6642,1
s6643,1
s6644,1
s6645,1
s6647,1
s6647,21
s6647,15
s6648,1
s6649,7
s6650,7
s6650,20
s6651,1
s6652,1
s6653,1
s6653,67
s6654,83
s6654,59
s6654,1
s6655,3
s6656,1
s6657,6
s6658,1
s6659,33
s6660,6
s6662,1
s6663,1
s6664,39
s6665,1
s6666,1
s6667,3
s6668,3
s6669,3
s6670,3
s6671,1
s6671,16
s6671,20
s6671,6
s6672,19
s6673,36
s6674,36
s6675,10
s6676,26
s6677,1
s6678,19
s6679,1
s6681,49
s6682,6
s6683,1
s6684,13
s6687,6
s6688,1
s6689,45
s6690,12
s6691,1
s6692,16
s6692,13
s6692,23
s6692,95
s6692,1
s6693,1
s6695,3
s6696,6
s6697,1
s6699,16
s6699,19
s6699,13
s6700,1
s6701,16
s6702,27
s6702,1
s6703,1
s6703,45
s6704,1
s6705,42
s6706,25
s6707,10
s6708,3
s6709,23
s6711,1
s6712,6
s6712,1
s6713,1
s6714,19
s6714,13
s6714,23
s6715,6
s6716,1
s6717,6
s6718,15
s6720,1
s6721,59
s6722,1
s6723,1
s6724,1
s6725,6
s6725,1
s6726,11
s6727,11
s6728,11
s6729,11
s6730,1
s6731,1
s6732,17
s6733,6
s6734,3
s6735,1
s6736,1
s6737,7
s6738,3
s6739,1
s6740,3
s6741,46
s6743,6
s6744,1
s6745,3
s6746,1
s6747,1
s6748,18
s6749,6
s6750,1
s6751,11
s6752,1
s6753,45
s6754,1
s6755,1
s6755,16
s6756,1
s6756,7
s6757,23
s6757,13
s6758,3
s6759,1
s6760,6
s6760,16
s6760,1
s6761,6
s6763,1
s6765,58
s6766,27
s6767,1
s6768,16
s6768,1
s6769,46
s6770,1
s6771,21
s6772,27
s6773,58
s6773,1
s6773,6
s6775,1
s6776,19
s6777,1
s6778,1
s6779,10
s6780,6
s6781,1
s6782,1
s6783,1
s6784,6
s6785,1
s6786,6
s6787,33
s6788,6
s6788,38
s6788,28
s6789,6
s6790,1
s6791,7
s6791,1
s6792,19
s6792,106
s6793,6
s6794,1
s6794,7
s6795,1
s6795,33
s6796,1
s6797,1
s6798,1
s6799,1
s6799,13
s6799,10
s6800,1
s6800,107
s6801,46
s6802,1
s6803,1
s6804,1
s6805,1
s6806,7
s6807,1
s6808,46
s6809,13
s6809,6
s6809,1
s6810,1
s6811,6
s6811,1
s6811,19
s6811,7
s6811,34
s6811,16
s6812,6
s6812,1
s6812,19
s6812,7
s6812,34
s6812,16
s6813,6
s6813,1
s6813,19
s6813,7
s6813,34
s6813,16
s6814,1
s6815,16
s6815,1
s6816,1
s6817,51
s6818,1
s6818,6
s6819,1
s6820,33
s6820,13
s6821,3
s6822,28
s6823,1
s6824,45
s6825,39
s6826,3
s6827,1
s6827,23
s6828,17
s6829,45
s6830,45
s6831,17
s6831,1
s6832,3
s6833,3
s6834,1
s6835,6
s6836,6
s6837,53
s6838,1
s6838,12
s6839,23
s6839,16
s6839,13
s6840,1
s6841,6
s6841,1
s6842,1
s6843,1
s6844,1
s6845,3
s6846,44
s6846,1
s6847,17
s6848,1
s6848,12
s6849,17
s6850,1
s6851,17
s6852,3
s6853,45
s6854,1
s6855,6
s6855,47
s6855,16
s6855,89
s6856,56
s6857,1
s6859,1
s6860,1
s6861,15
s6861,27
s6862,1
s6863,1
s6864,6
s6865,3
s6866,17
s6867,6
s6867,1
s6868,1
s6869,1
s6870,12
s6871,3
s6872,23
s6872,7
s6873,1
s6874,11
s6875,1
s6876,1
s6877,1
s6878,46
s6879,1
s6879,13
s6879,6
s6879,17
s6880,1
s6880,6
s6880,47
s6880,53
s6881,1
s6882,1
s6883,1
s6883,16
s6884,1
s6884,6
s6885,1
s6885,6
s6885,23
s6886,1
s6887,1
s6887,13
s6887,16
s6887,19
s6888,3
s6889,7
s6889,1
s6890,6
s6891,19
s6892,3
s6893,1
s6894,1
s6895,6
s6896,6
s6897,1
s6898,18
s6899,1
s6900,1
s6901,16
s6902,17
s6903,6
s6904,67
s6905,11
s6906,11
s6908,3
s6909,11
s6910,1
s6910,6
s6910,16
s6911,1
s6911,17
s6912,1
s6913,3
s6914,1
s6915,46
s6916,1
s6917,1
s6918,1
s6919,6
s6920,39
s6921,1
s6922,10
s6923,6
s6924,1
s6925,6
s6926,28
s6926,1
s6926,15
s6928,1
s6929,1
s6929,16
s6929,7
s6930,1
s6931,6
s6932,1
s6932,16
s6933,50
s6934,1
s6935,1
s6936,1
s6937,3
s6938,45
s6939,1
s6940,1
s6941,12
s6942,16
s6942,1
s6943,1
s6944,30
s6944,1
s6945,1
s6945,58
s6946,1
s6947,1
s6948,12
s6949,1
s6950,1
s6951,1
s6952,16
s6953,1
s6953,15
s6954,1
s6954,16
s6955,1
s6956,16
s6956,6
s6957,1
s6958,1
s6959,1
s6960,1
s6961,3
s6962,1
s6963,27
s6963,15
s6964,47
s6965,1
s6966,21
s6967,3
s6968,15
s6969,12
s6970,16
s6971,1
s6972,6
s6973,6
s6974,3
s6974,1
s6975,25
s6976,3
s6977,12
s6978,1
s6979,6
s6980,13
s6981,83
s6982,1
s6983,11
s6984,12
s6985,1
s6985,30
s6986,1
s6987,44
s6988,44
s6989,3
s6991,1
s6992,1
s6993,1
s6994,3
s6995,1
s6996,1
s6996,2
s6997,44
s6998,1
s6998,16
s6999,6
s7000,3
s7001,30
s7001,6
s7001,23
s7001,1
s7003,1
s7004,1
s7005,6
s7006,1
s7007,20
s7008,42
s7008,29
s7009,1
s7010,1
s7010,16
s7011,1
s7011,16
s7012,108
s7012,89
s7012,7
s7012,9
s7012,60
s7013,1
s7013,6
s7014,1
s7015,10
s7015,1
s7016,1
s7017,16
s7017,6
s7017,49
s7019,1
s7020,1
s7021,3
s7022,1
s7023,3
s7024,3
s7025,83
s7026,6
s7027,16
s7028,1
s7028,19
s7028,7
s7029,6
s7030,1
s7030,23
s7031,1
s7032,1
s7033,1
s7035,25
s7036,3
s7036,17
s7037,6
s7038,1
s7039,1
s7040,10
s7041,15
s7042,15
s7042,21
s7042,1
s7043,6
s7044,1
s7045,1
s7047,44
s7048,6
s7048,13
s7048,20
s7049,1
s7050,1
s7051,1
s7052,16
s7052,30
s7052,1
s7053,15
s7053,27
s7054,3
s7055,1
s7056,1
s7056,13
s7057,1
s7058,1
s7058,7
s7059,13
s7060,39
s7061,1
s7062,6
s7062,1
s7062,109
s7063,11
s7064,74
s7064,1
s7065,3
s7066,6
s7066,1
s7067,1
s7067,73
s7068,1
s7069,3
s7070,6
s7071,1
s7072,1
s7073,1
s7074,1
s7075,1
s7076,1
s7077,6
s7078,7
s7078,1
s7079,7
s7079,6
s7079,1
s7080,3
s7081,6
s7082,1
s7083,38
s7084,6
s7085,10
s7086,16
s7087,1
s7088,16
s7089,17
s7090,17
s7091,17
s7092,1
s7093,16
s7094,2
s7094,7
s7094,49
s7094,13
s7095,3
s7096,3
s7097,1
s7098,1
s7099,16
s7099,1
s7099,6
s7099,13
s7099,68
s7100,3
s7101,6
s7102,21
s7103,3
s7104,1
s7106,19
s7107,46
s7108,1
s7110,3
s7111,13
s7111,20
s7112,16
s7113,1
s7113,30
s7114,1
s7115,51
s7116,3
s7118,3
s7119,3
s7120,83
s7121,17
s7122,1
s7123,42
s7124,1
s7125,1
s7126,1
s7127,1
s7128,30
s7128,1
s7128,13
s7129,1
s7130,3
s7131,1
s7132,28
s7133,1
s7135,6
s7136,3
s7137,1
s7138,3
s7140,1
s7141,6
s7142,3
s7143,67
s7144,10
s7145,3
s7146,1
s7148,1
s7149,1
s7150,1
s7151,1
s7152,1
s7152,12
s7153,7
s7153,1
s7153,16
s7154,27
s7155,1
s7156,17
s7157,6
s7157,7
s7157,16
s7157,1
s7158,11
s7159,3
s7160,3
s7161,3
s7162,3
s7163,3
s7164,3
s7165,1
s7165,13
s7165,16
s7165,54
s7165,60
s7166,3
s7167,6
s7168,3
s7169,3
s7170,3
s7171,1
s7172,3
s7173,1
s7174,3
s7175,3
s7176,1
s7177,1
s7178,1
s7179,1
s7180,1
s7181,1
s7182,1
s7183,83
s7184,3
s7185,3
s7186,3
s7187,3
s7188,3
s7189,3
s7190,3
s7191,3
s7192,1
s7193,1
s7194,1
s7195,56
s7196,49
s7196,20
s7196,6
s7196,1
s7198,1
s7198,17
s7199,1
s7200,6
s7201,13
s7202,1
s7203,1
s7204,1
s7205,1
s7206,52
s7207,6
s7208,1
s7209,1
s7209,16
s7211,1
s7212,13
s7212,20
s7212,15
s7212,1
s7213,3
s7214,1
s7216,6
s7217,50
s7218,17
s7219,1
s7219,67
s7219,38
s7220,1
s7221,1
s7221,6
s7221,12
s7222,6
s7224,6
s7224,59
s7224,47
s7224,7
s7224,53
s7225,3
s7226,59
s7226,47
s7226,53
s7231,3
s7235,1
s7237,1
s7238,1
s7239,3
s7240,27
s7240,15
s7240,1
s7241,10
s7241,1
s7242,1
s7243,15
s7243,3
s7243,31
s7245,6
s7246,11
s7247,11
s7248,3
s7249,1
s7250,3
s7251,25
s7252,1
s7253,1
s7254,23
s7255,1
s7257,10
s7258,10
s7259,36
s7259,10
s7259,1
s7260,3
s7261,44
s7262,27
s7263,1
s7264,1
s7265,36
s7266,3
s7267,6
s7268,1
s7268,10
s7269,21
s7270,1
s7271,6
s7271,21
s7272,1
s7272,13
s7273,13
s7274,13
s7275,1
s7275,30
s7276,1
s7277,1
s7278,1
s7280,6
s7281,3
s7282,1
s7282,16
s7283,1
s7283,12
s7284,15
s7285,27
s7286,1
s7287,1
s7289,47
s7291,47
s7291,15
s7293,1
s7293,23
s7294,13
s7295,1
s7296,11
s7297,1
s7298,16
s7299,1
s7300,1
s7301,1
s7302,6
s7303,16
s7304,27
s7305,1
s7306,10
s7307,1
s7308,6
s7309,1
s7309,3
s7310,46
s7312,27
s7313,12
s7314,12
s7315,12
s7316,1
s7316,34
s7316,33
s7317,1
s7321,1
s7322,1
s7323,1
s7324,1
s7325,19
s7326,10
s7327,6
s7328,6
s7328,1
s7329,13
s7329,1
s7330,10
s7331,1
s7332,21
s7332,13
s7333,6
s7333,1
s7334,6
s7335,16
s7336,27
s7337,7
s7338,3
s7341,36
s7342,1
s7342,12
s7342,110
s7342,6
s7343,16
s7344,39
s7345,1
s7346,27
s7347,3
s7348,27
s7349,21
s7351,1
s7352,46
s7353,45
s7354,6
s7355,7
s7355,6
s7356,1
s7357,1
s7358,27
s7359,25
s7360,15
s7361,3
s7362,3
s7363,25
s7363,67
s7363,78
s7364,3
s7365,3
s7365,13
s7366,1
s7367,3
s7368,12
s7368,1
s7369,1
s7370,1
s7371,1
s7372,27
s7373,3
s7374,1
s7375,67
s7376,23
s7377,17
s7378,13
s7378,20
s7379,13
s7380,59
s7381,3
s7382,3
s7383,3
s7384,3
s7385,27
s7386,11
s7386,111
s7387,3
s7388,3
s7389,3
s7390,1
s7391,1
s7391,15
s7391,27
s7392,6
s7392,13
s7394,3
s7395,3
s7396,1
s7397,1
s7398,1
s7399,6
s7400,6
s7401,3
s7402,3
s7403,6
s7404,16
s7404,1
s7405,1
s7407,1
s7408,3
s7409,1
s7410,1
s7411,27
s7411,15
s7412,1
s7413,1
s7414,3
s7416,1
s7417,17
s7418,1
s7418,6
s7419,6
s7420,3
s7421,21
s7422,25
s7423,3
s7424,1
s7425,27
s7426,46
s7427,1
s7428,1
s7429,3
s7430,10
s7431,16
s7432,1
s7433,16
s7434,42
s7434,91
s7435,6
s7436,6
s7437,12
s7438,3
s7440,1
s7441,21
s7442,7
s7442,1
s7442,53
s7443,1
s7444,1
s7445,16
s7445,19
s7446,45
s7448,19
s7449,18
s7450,1
s7451,3
s7452,6
s7453,1
s7453,69
s7454,3
s7455,1
s7455,34
s7457,1
s7458,13
s7459,3
s7460,1
s7461,16
s7461,1
s7462,1
s7462,16
s7463,3
s7464,10
s7465,17
s7466,59
s7466,6
s7466,13
s7466,30
s7467,1
s7468,1
s7469,39
s7470,1
s7471,1
s7472,1
s7472,6
s7473,6
s7473,42
s7474,50
s7475,1
s7476,3
s7477,1
s7478,1
s7479,18
s7480,15
s7480,16
s7480,1
s7481,21
s7482,1
s7483,1
s7483,19
s7485,1
s7486,6
s7487,16
s7488,46
s7489,7
s7489,6
s7490,1
s7491,1
s7492,1
s7493,1
s7494,1
s7495,1
s7496,1
s7497,1
s7498,1
s7499,1
s7500,1
s7501,1
s7502,1
s7503,16
s7504,1
s7504,7
s7505,6
s7506,6
s7507,6
s7507,1
s7508,1
s7509,13
s7509,20
s7510,83
s7510,1
s7511,7
s7511,1
s7512,1
s7513,3
s7514,3
s7515,12
s7516,1
s7517,1
s7518,1
s7519,38
s7519,53
s7519,7
s7519,49
s7520,27
s7521,1
s7522,16
s7523,46
s7524,1
s7525,3
s7526,13
s7527,1
s7528,1
s7529,1
s7530,19
s7531,1
s7532,16
s7533,3
s7534,1
s7535,46
s7536,1
s7537,16
s7538,23
s7539,6
s7540,37
s7540,13
s7542,1
s7542,16
s7543,1
s7543,16
s7545,27
s7546,6
s7547,1
s7548,6
s7549,44
s7550,6
s7550,1
s7552,1
s7553,3
s7554,1
s7554,10
s7555,23
s7555,3
s7556,30
s7557,1
s7557,112
s7558,3
s7559,1
s7560,17
s7561,1
s7562,1
s7564,1
s7565,1
s7566,3
s7567,1
s7568,1
s7569,6
s7569,1
s7570,1
s7571,1
s7572,1
s7572,6
s7573,1
s7573,6
s7574,6
s7575,6
s7576,1
s7577,1
s7578,67
s7578,25
s7578,13
s7578,19
s7578,1
s7579,1
s7580,1
s7581,1
s7582,1
s7583,3
s7584,1
s7585,1
s7586,1
s7588,1
s7588,12
s7589,17
s7590,16
s7590,1
s7591,3
s7592,67
s7593,1
s7594,59
s7595,1
s7596,3
s7596,1
s7597,1
s7597,3
s7597,21
s7597,15
s7598,6
s7599,1
s7600,1
s7601,1
s7602,1
s7603,1
s7604,1
s7605,1
s7606,1
s7607,1
s7608,1
s7609,1
s7610,1
s7611,1
s7612,1
s7613,1
s7614,1
s7615,1
s7616,1
s7617,1
s7618,1
s7619,1
s7620,1
s7621,1
s7622,1
s7623,6
s7623,16
s7624,7
s7626,38
s7627,23
s7628,17
s7629,1
s7630,6
s7631,47
s7631,7
s7631,20
s7631,6
s7631,13
s7632,47
s7632,7
s7632,20
s7632,6
s7632,13
s7632,53
s7634,6
s7635,1
s7636,13
s7636,37
s7636,19
s7636,1
s7636,58
s7637,12
s7638,1
s7639,1
s7640,1
s7641,27
s7642,19
s7643,1
s7644,44
s7645,44
s7647,16
s7648,1
s7649,1
s7650,13
s7651,46
s7652,27
s7653,33
s7653,3
s7653,15
s7653,1
s7654,3
s7655,1
s7656,1
s7657,1
s7658,1
s7659,6
s7660,23
s7660,1
s7661,44
s7662,1
s7663,3
s7664,1
s7665,1
s7666,3
s7667,1
s7668,47
s7668,13
s7668,1
s7668,53
s7669,12
s7669,86
s7670,1
s7671,21
s7672,6
s7673,15
s7673,27
s7675,6
s7676,21
s7677,15
s7677,95
s7677,27
s7678,1
s7679,27
s7680,1
s7681,3
s7682,12
s7682,58
s7683,3
s7684,6
s7685,16
s7685,1
s7685,7
s7686,15
s7687,6
s7688,6
s7688,44
s7689,3
s7690,1
s7691,1
s7692,3
s7693,26
s7693,36
s7694,12
s7695,44
s7696,1
s7697,1
s7698,27
s7699,1
s7700,6
s7701,19
s7702,1
s7703,3
s7704,16
s7705,1
s7706,16
s7707,3
s7708,3
s7709,1
s7710,1
s7711,36
s7711,1
s7712,1
s7713,3
s7714,1
s7715,1
s7716,11
s7717,1
s7718,3
s7719,1
s7720,3
s7721,44
s7722,1
s7723,1
s7724,50
s7725,6
s7725,1
s7726,30
s7726,6
s7726,1
s7727,1
s7727,19
s7728,16
s7729,1
s7730,1
s7731,13
s7731,7
s7731,9
s7731,20
s7732,1
s7733,1
s7733,12
s7735,13
s7735,20
s7736,1
s7737,3
s7738,44
s7739,18
s7740,3
s7741,1
s7742,1
s7743,3
s7744,1
s7745,3
s7746,25
s7747,13
s7748,6
s7749,6
s7750,1
s7751,13
s7751,20
s7752,1
s7752,6
s7753,1
s7754,16
s7754,1
s7755,37
s7755,113
s7755,23
s7755,7
s7755,13
s7756,1
s7757,1
s7758,71
s7758,13
s7758,42
s7758,1
s7759,6
s7760,3
s7762,1
s7764,1
s7765,1
s7765,13
s7765,17
s7766,1
s7767,13
s7767,17
s7767,1
s7768,1
s7768,13
s7768,17
s7769,1
s7770,1
s7770,32
s7771,1
s7771,32
s7771,17
s7772,1
s7773,1
s7773,32
s7774,1
s7775,1
s7776,1
s7777,1
s7779,1
s7781,1
s7782,1
s7783,1
s7784,1
s7784,13
s7784,17
s7785,1
s7785,49
s7785,17
s7785,13
s7786,1
s7786,13
s7786,17
s7787,1
s7788,1
s7789,1
s7790,3
s7790,37
s7791,1
s7792,3
s7793,1
s7794,1
s7795,27
s7797,1
s7798,1
s7799,1
s7800,16
s7801,25
s7802,3
s7803,1
s7804,16
s7804,3
s7805,6
s7806,3
s7807,3
s7808,1
s7809,1
s7810,6
s7810,1
s7811,39
s7812,1
s7812,95
s7815,1
s7817,1
s7818,1
s7819,33
s7820,3
s7821,1
s7822,3
s7823,1
s7824,15
s7825,3
s7826,3
s7827,1
s7828,3
s7829,3
s7830,22
s7830,17
s7830,13
s7831,3
s7832,21
s7833,3
s7834,83
s7835,1
s7836,3
s7837,46
s7838,3
s7840,1
s7841,10
s7842,16
s7843,1
s7844,12
s7845,1
s7846,3
s7847,6
s7848,1
s7850,46
s7851,6
s7852,1
s7853,50
s7854,16
s7854,10
s7854,7
s7854,2
s7855,1
s7856,6
s7856,1
s7856,16
s7857,16
s7858,7
s7858,13
s7858,1
s7858,16
s7858,6
s7859,1
s7860,1
s7861,27
s7862,3
s7864,27
s7864,1
s7865,6
s7866,1
s7866,6
s7867,10
s7868,1
s7869,1
s7870,3
s7871,6
s7871,30
s7872,3
s7873,3
s7874,3
s7875,3
s7876,18
s7877,23
s7878,6
s7879,1
s7879,17
s7880,1
s7881,1
s7882,1
s7883,1
s7884,1
s7885,1
s7886,46
s7887,1
s7888,1
s7888,65
s7889,3
s7889,16
s7890,30
s7890,16
s7890,6
s7890,1
s7891,16
s7892,6
s7892,7
s7893,44
s7895,1
s7896,1
s7897,1
s7898,10
s7899,3
s7900,10
s7901,27
s7902,1
s7902,7
s7902,12
s7903,3
s7904,1
s7905,1
s7906,1
s7907,17
s7908,1
s7909,1
s7910,1
s7911,3
s7912,23
s7913,1
s7914,3
s7915,23
s7915,13
s7916,11
s7917,16
s7918,3
s7919,83
s7920,3
s7921,1
s7922,3
s7923,3
s7924,3
s7925,46
s7926,3
s7927,3
s7928,46
s7929,2
s7929,1
s7931,1
s7932,3
s7933,3
s7934,1
s7935,12
s7935,13
s7935,30
s7936,13
s7937,16
s7938,12
s7938,3
s7939,3
s7940,3
s7941,3
s7942,1
s7944,3
s7945,3
s7946,1
s7947,1
s7948,46
s7949,1
s7950,1
s7950,6
s7950,12
s7951,1
s7952,1
s7953,1
s7954,1
s7955,23
s7955,13
s7956,1
s7957,1
s7958,1
s7959,1
s7960,1
s7961,1
s7961,6
s7961,16
s7961,17
s7962,1
s7963,1
s7964,1
s7965,1
s7966,53
s7966,6
s7966,14
s7967,1
s7968,27
s7968,39
s7969,21
s7970,1
s7970,6
s7970,19
s7970,21
s7971,1
s7972,1
s7973,1
s7974,6
s7975,1
s7976,6
s7977,1
s7978,6
s7979,6
s7980,1
s7980,6
s7981,11
s7982,6
s7982,13
s7982,1
s7983,16
s7984,85
s7985,97
s7986,1
s7987,1
s7988,1
s7989,6
s7989,13
s7990,10
s7991,1
s7992,38
s7993,3
s7994,23
s7994,2
s7994,91
s7994,12
s7994,1
s7995,3
s7996,3
s7997,3
s7998,27
s7999,1
s8000,3
s8001,1
s8002,1
s8003,6
s8003,1
s8004,1
s8004,7
s8004,6
s8004,12
s8005,3
s8006,1
s8007,12
s8008,12
s8009,3
s8010,1
s8011,1
s8011,58
s8012,6
s8012,1
s8013,3
s8013,1
s8014,44
s8015,23
s8015,13
s8015,37
s8016,1
s8017,3
s8018,1
s8019,16
s8019,13
s8019,1
s8020,1
s8021,28
s8022,36
s8022,10
s8022,1
s8023,1
s8023,36
s8024,3
s8025,45
s8026,37
s8026,1
s8027,78
s8028,1
s8029,1
s8030,44
s8030,16
s8030,1
s8031,1
s8032,1
s8033,15
s8033,27
s8033,1
s8034,15
s8034,27
s8035,1
s8035,13
s8036,1
s8037,1
s8038,1
s8039,1
s8040,1
s8041,1
s8042,6
s8042,32
s8043,1
s8044,1
s8045,1
s8046,1
s8047,1
s8048,3
s8049,1
s8050,45
s8051,10
s8052,1
s8053,1
s8054,9
s8054,6
s8054,13
s8055,1
s8056,1
s8057,12
s8057,6
s8057,16
s8058,1
s8059,44
s8060,1
s8061,1
s8062,6
s8063,1
s8064,1
s8065,1
s8066,1
s8067,6
s8068,1
s8069,1
s8070,6
s8071,1
s8072,1
s8073,1
s8073,13
s8074,114
s8074,1
s8075,1
s8076,1
s8077,1
s8078,19
s8079,1
s8080,1
s8081,16
s8082,16
s8082,1
s8082,6
s8083,1
s8084,1
s8085,6
s8086,37
s8087,1
s8088,1
s8089,46
s8090,1
s8091,3
s8092,44
s8093,1
s8094,1
s8094,16
s8095,21
s8096,1
s8097,12
s8097,6
s8097,1
s8097,32
s8097,23
s8097,13
s8098,1
s8099,3
s8100,1
s8101,16
s8102,1
s8102,6
s8103,13
s8103,1
s8103,16
s8104,12
s8104,6
s8105,49
s8105,20
s8106,1
s8107,1
s8108,21
s8109,33
s8111,1
s8112,1
s8113,23
s8113,13
s8114,44
s8115,3
s8116,38
s8117,6
s8117,13
s8117,16
s8117,20
s8117,1
s8118,21
s8119,1
s8120,47
s8120,6
s8120,53
s8121,3
s8121,13
s8122,3
s8123,3
s8124,1
s8125,3
s8126,1
s8126,21
s8126,15
s8127,1
s8128,1
s8129,1
s8130,6
s8131,1
s8132,45
s8133,1
s8134,1
s8135,1
s8136,1
s8137,3
s8139,1
s8139,6
s8140,1
s8140,16
s8141,1
s8141,53
s8142,15
s8142,27
s8143,27
s8144,1
s8145,3
s8146,3
s8147,1
s8147,7
s8148,13
s8148,1
s8149,6
s8149,1
s8150,3
s8151,13
s8152,1
s8153,1
s8154,46
s8155,1
s8156,1
s8157,3
s8158,1
s8159,27
s8159,1
s8160,1
s8160,27
s8162,3
s8163,1
s8163,115
s8164,25
s8164,13
s8164,1
s8164,7
s8164,60
s8165,27
s8166,10
s8167,1
s8167,7
s8167,6
s8168,1
s8168,7
s8168,6
s8168,23
s8169,13
s8170,1
s8171,3
s8172,6
s8172,3
s8173,3
s8174,3
s8175,1
s8176,1
s8177,1
s8178,10
s8178,19
s8179,16
s8180,1
s8182,16
s8183,12
s8184,1
s8185,1
s8185,32
s8185,6
s8186,25
s8187,21
s8188,1
s8189,1
s8190,1
s8191,14
s8191,1
s8192,1
s8193,46
s8194,22
s8195,19
s8195,13
s8195,65
s8196,16
s8196,1
s8197,1
s8197,16
s8198,13
s8198,16
s8198,1
s8199,6
s8199,1
s8201,1
s8202,6
s8203,1
s8204,27
s8205,1
s8206,1
s8208,33
s8209,6
s8210,6
s8211,1
s8212,1
s8213,16
s8213,1
s8214,1
s8215,6
s8216,1
s8217,6
s8218,1
s8219,13
s8220,1
s8221,1
s8222,1
s8222,16
s8222,15
s8223,6
s8223,1
s8224,1
s8225,1
s8226,30
s8226,16
s8226,68
s8226,1
s8226,6
s8226,56
s8226,3
s8227,1
s8228,18
s8229,1
s8229,9
s8229,6
s8230,1
s8232,27
s8233,1
s8233,15
s8234,1
s8235,38
s8235,7
s8236,3
s8237,16
s8238,1
s8239,1
s8240,1
s8241,46
s8242,18
s8243,1
s8244,12
s8245,46
s8246,19
s8246,10
s8247,10
s8247,13
s8248,6
s8248,1
s8249,1
s8250,1
s8251,6
s8252,1
s8253,1
s8254,16
s8255,38
s8255,7
s8255,42
s8255,68
s8255,20
s8255,13
s8255,1
s8256,46
s8257,1
s8258,21
s8259,1
s8260,1
s8261,42
s8262,6
s8262,17
s8262,1
s8263,1
s8264,6
s8264,1
s8265,3
s8266,45
s8267,1
s8267,6
s8268,3
s8269,6
s8270,12
s8271,62
s8271,1
s8272,16
s8272,12
s8273,1
s8273,27
s8274,25
s8274,67
s8275,1
s8276,23
s8276,1
s8277,1
s8278,17
s8279,1
s8280,1
s8281,45
s8282,1
s8282,27
s8283,16
s8284,1
s8285,1
s8286,1
s8287,6
s8287,116
s8288,1
s8289,1
s8290,1
s8291,1
s8292,6
s8292,1
s8293,1
s8294,6
s8295,6
s8296,1
s8297,1
s8298,18
s8299,1
s8300,1
s8300,34
s8300,6
s8301,33
s8302,1
s8303,6
s8304,27
s8305,1
s8306,1
s8307,27
s8308,1
s8308,15
s8309,1
s8310,6
s8310,15
s8310,1
s8310,3
s8311,6
s8312,1
s8313,1
s8313,34
s8314,32
s8315,1
s8316,6
s8316,1
s8317,59
s8318,45
s8319,1
s8320,1
s8321,1
s8321,53
s8321,59
s8322,3
s8323,38
s8324,1
s8325,1
s8326,1
s8327,6
s8327,1
s8327,95
s8328,1
s8328,6
s8328,95
s8331,21
s8332,6
s8333,3
s8334,1
s8334,12
s8335,6
s8336,1
s8337,1
s8338,1
s8339,1
s8340,19
s8340,16
s8340,1
s8341,16
s8342,1
s8343,16
s8344,19
s8345,1
s8346,1
s8347,44
s8349,1
s8350,3
s8351,3
s8352,16
s8353,1
s8353,3
s8353,58
s8354,6
s8355,6
s8355,1
s8356,1
s8357,6
s8357,16
s8357,13
s8357,1
s8358,6
s8359,10
s8360,47
s8361,1
s8362,1
s8363,1
s8364,6
s8365,6
s8366,1
s8367,6
s8368,1
s8370,6
s8370,13
s8371,13
s8372,1
s8373,1
s8374,3
s8374,7
s8374,13
s8375,45
s8376,1
s8378,6
s8378,1
s8378,12
s8379,16
s8379,1
s8380,21
s8381,1
s8382,1
s8383,20
s8383,30
s8383,49
s8383,7
s8383,117
s8384,12
s8385,13
s8385,1
s8386,1
s8387,33
s8388,6
s8389,1
s8390,1
s8391,1
s8392,3
s8394,16
s8394,1
s8395,1
s8396,13
s8396,16
s8396,23
s8396,1
s8396,15
s8397,7
s8398,1
s8399,30
s8399,6
s8399,34
s8399,13
s8399,49
s8400,30
s8401,1
s8402,1
s8403,1
s8404,47
s8404,45
s8404,14
s8404,59
s8404,6
s8404,38
s8404,13
s8404,1
s8404,7
s8404,49
s8405,32
s8405,1
s8406,32
s8406,1
s8407,6
s8407,7
s8407,1
s8408,6
s8409,42
s8410,27
s8411,1
s8411,12
s8411,2
s8411,6
s8412,6
s8412,1
s8412,19
s8412,7
s8412,34
s8412,16
s8413,1
s8414,1
s8414,7
s8414,10
s8415,1
s8416,1
s8417,1
s8418,1
s8419,21
s8420,1
s8421,1
s8421,6
s8422,1
s8423,1
s8424,13
s8425,19
s8426,47
s8427,1
s8427,16
s8428,32
s8429,1
s8430,53
s8431,1
s8432,6
s8433,23
s8435,1
s8436,1
s8437,1
s8438,1
s8439,16
s8440,1
s8441,7
s8442,1
s8443,1
s8444,1
s8445,56
s8446,1
s8447,6
s8448,6
s8449,1
s8450,1
s8452,1
s8453,6
s8453,1
s8454,7
s8455,1
s8455,9
s8456,1
s8457,118
s8457,66
s8457,119
s8457,2
s8457,1
s8458,6
s8458,1
s8459,1
s8460,3
s8461,46
s8462,1
s8463,16
s8463,1
s8464,21
s8465,1
s8465,6
s8466,1
s8466,9
s8467,1
s8468,21
s8469,1
s8470,1
s8471,1
s8472,16
s8473,45
s8474,1
s8474,7
s8475,1
s8476,3
s8477,6
s8478,1
s8478,16
s8478,17
s8478,120
s8479,1
s8480,1
s8481,32
s8483,13
s8484,6
s8484,19
s8484,20
s8485,74
s8485,21
s8485,108
s8486,46
s8487,1
s8488,6
s8489,1
s8490,1
s8491,28
s8492,6
s8493,1
s8494,12
s8494,1
s8495,1
s8495,6
s8496,1
s8497,47
s8497,6
s8497,2
s8497,53
s8497,20
s8498,12
s8499,7
s8499,16
s8499,1
s8500,1
s8501,1
s8502,1
s8502,13
s8502,17
s8503,1
s8504,1
s8505,3
s8506,1
s8507,23
s8508,1
s8509,10
s8510,45
s8511,97
s8512,1
s8513,1
s8514,1
s8515,42
s8516,1
s8517,6
s8518,1
s8519,1
s8520,1
s8521,1
s8522,6
s8523,1
s8524,1
s8524,16
s8525,1
s8526,1
s8526,6
s8527,1
s8528,1
s8529,46
s8530,1
s8531,6
s8532,1
s8532,58
s8533,1
s8534,1
s8535,1
s8536,1
s8537,6
s8538,1
s8539,6
s8540,30
s8540,16
s8540,1
s8540,6
s8541,1
s8542,1
s8543,1
s8544,44
s8546,1
s8547,20
s8547,13
s8548,1
s8549,1
s8550,1
s8551,46
s8552,1
s8553,12
s8553,1
s8554,32
s8554,6
s8554,12
s8555,1
s8556,56
s8557,18
s8558,1
s8559,6
s8559,16
s8559,1
s8560,1
s8561,15
s8562,6
s8563,38
s8564,13
s8565,6
s8565,1
s8566,6
s8567,16
s8568,39
s8569,30
s8570,27
s8571,16
s8572,3
s8573,1
s8574,1
s8575,44
s8576,21
s8577,15
s8578,20
s8579,3
s8579,1
s8580,44
s8581,1
s8582,1
s8582,16
s8583,6
s8584,6
s8584,12
s8584,16
s8584,1
s8585,27
s8585,15
s8587,1
s8588,1
s8589,15
s8590,15
s8591,3
s8592,3
s8595,1
s8596,1
s8597,7
s8597,1
s8597,23
s8598,1
s8598,26
s8599,1
s8600,6
s8601,16
s8602,6
s8602,16
s8602,17
s8604,6
s8604,1
s8605,6
s8605,1
s8605,9
s8606,1
s8607,3
s8608,1
s8609,1
s8611,1
s8612,3
s8613,44
s8614,21
s8615,6
s8616,1
s8617,6
s8617,15
s8617,1
s8618,6
s8618,33
s8618,7
s8619,1
s8620,6
s8621,16
s8622,1
s8624,1
s8625,1
s8626,2
s8626,1
s8627,1
s8627,2
s8628,6
s8629,3
s8630,3
s8631,3
s8632,1
s8633,6
s8633,76
s8633,2
s8633,81
s8633,1
s8634,28
s8635,1
s8636,1
s8637,1
s8638,1
s8639,16
s8639,1
s8639,3
s8639,6
s8640,3
s8641,1
s8641,6
s8642,1
s8643,1
s8644,17
s8644,1
s8645,1
s8646,1
s8647,6
s8648,3
s8649,6
s8650,16
s8651,12
s8652,1
s8652,13
s8653,3
s8654,44
s8655,6
s8655,16
s8655,1
s8656,1
s8657,1
s8658,1
s8659,37
s8659,6
s8659,1
s8660,16
s8661,1
s8662,6
s8662,7
s8663,16
s8663,3
s8664,46
s8665,1
s8666,3
s8667,46
s8668,1
s8669,1
s8669,6
s8669,7
s8670,1
s8671,1
s8672,3
s8673,3
s8674,1
s8675,6
s8675,3
s8675,53
s8676,1
s8677,6
s8677,20
s8678,1
s8679,1
s8681,3
s8682,3
s8683,11
s8684,3
s8685,21
s8686,6
s8687,83
s8688,3
s8689,3
s8690,1
s8692,1
s8693,6
s8694,1
s8695,1
s8695,16
s8696,3
s8697,1
s8697,3
s8698,6
s8699,46
s8700,10
s8701,42
s8702,1
s8703,1
s8703,33
s8703,3
s8703,121
s8703,15
s8704,6
s8704,13
s8704,1
s8705,1
s8706,19
s8707,1
s8708,1
s8709,1
s8709,25
s8710,42
s8711,1
s8712,27
s8713,6
s8714,3
s8715,1
s8716,1
s8716,13
s8717,1
s8718,42
s8720,15
s8721,11
s8722,39
s8723,1
s8724,6
s8725,1
s8726,45
s8727,1
s8728,6
s8728,3
s8728,1
s8729,78
s8729,1
s8729,6
s8730,7
s8730,1
s8730,6
s8730,16
s8731,1
s8732,1
s8733,6
s8734,6
s8735,1
s8736,1
s8737,39
s8738,6
s8739,16
s8739,3
s8739,44
s8739,1
s8739,58
s8740,1
s8741,6
s8742,6
s8743,1
s8744,1
s8745,6
s8746,1
s8746,122
s8746,91
s8747,13
s8747,49
s8747,2
s8747,14
s8748,1
s8749,12
s8750,11
s8751,1
s8752,1
s8753,1
s8754,16
s8755,1
s8756,1
s8757,1
s8758,1
s8759,6
s8761,1
s8762,83
s8763,3
s8764,1
s8765,1
s8766,16
s8766,1
s8767,1
s8768,1
s8769,10
s8770,3
s8771,3
s8772,3
s8773,3
s8774,3
s8775,46
s8775,62
s8775,1
s8776,3
s8777,13
s8777,20
s8778,44
s8779,44
s8780,44
s8781,1
s8782,17
s8782,1
s8783,1
s8785,28
s8785,19
s8787,6
s8788,1
s8789,89
s8789,108
s8789,74
s8789,123
s8790,56
s8791,1
s8792,1
s8793,27
s8794,1
s8795,46
s8795,13
s8796,17
s8796,16
s8797,11
s8798,1
s8798,13
s8798,21
s8798,45
s8799,3
s8800,3
s8801,83
s8802,58
s8802,35
s8803,1
s8805,1
s8806,1
s8807,3
