show_id,director_id
s1,1
s3,2
s6,3
s7,4
s7,5
s8,6
s9,7
s10,8
s12,9
s13,10
s14,11
s17,12
s17,13
s19,14
s21,15
s23,16
s24,17
s24,18
s25,19
s27,20
s28,21
s29,22
s30,23
s31,24
s31,25
s31,26
s36,27
s37,28
s39,29
s42,30
s43,31
s44,32
s45,33
s46,34
s47,35
s48,36
s49,37
s52,38
s53,38
s54,38
s55,38
s57,39
s58,40
s59,39
s60,40
s61,39
s62,41
s63,42
s64,43
s65,44
s69,45
s69,46
s69,47
s72,48
s74,49
s76,50
s78,51
s79,52
s80,52
s81,53
s82,54
s85,55
s85,56
s87,57
s89,58
s91,59
s92,60
s92,61
s94,62
s95,63
s97,64
s102,65
s102,66
s103,67
s104,68
s106,69
s108,70
s111,71
s111,72
s113,73
s114,74
s115,75
s116,76
s117,77
s118,78
s119,79
s120,80
s123,76
s127,81
s128,82
s129,83
s130,84
s131,85
s132,86
s134,87
s135,88
s136,89
s137,90
s138,91
s139,84
s140,92
s141,93
s142,94
s143,95
s144,96
s145,97
s146,98
s146,99
s147,100
s149,101
s150,102
s151,103
s152,104
s152,105
s153,106
s156,107
s157,108
s158,109
s159,110
s160,111
s162,112
s163,97
s164,113
s165,114
s167,115
s168,116
s168,117
s169,118
s169,119
s170,120
s171,121
s172,122
s173,123
s174,124
s175,37
s176,125
s177,126
s178,127
s179,128
s179,129
s180,130
s181,131
s183,132
s184,120
s186,65
s186,66
s189,133
s189,134
s191,135
s192,136
s193,137
s196,138
s197,139
s199,49
s200,140
s201,141
s202,142
s202,143
s203,144
s204,145
s205,137
s206,146
s207,147
s208,148
s209,149
s210,149
s211,150
s212,151
s215,152
s216,148
s217,153
s217,154
s218,149
s222,155
s223,156
s224,157
s224,158
s228,159
s229,160
s230,161
s231,162
s232,163
s234,164
s236,165
s237,166
s238,166
s239,166
s240,166
s241,167
s245,168
s247,169
s248,170
s250,171
s251,172
s252,173
s253,174
s254,175
s256,176
s257,177
s258,175
s259,178
s260,179
s262,11
s263,180
s265,181
s268,76
s269,182
s271,183
s274,184
s277,185
s279,186
s280,187
s282,188
s283,189
s284,190
s285,191
s286,192
s288,193
s291,194
s293,195
s294,196
s295,197
s296,198
s298,199
s298,200
s298,201
s298,202
s298,203
s298,204
s298,166
s298,205
s298,206
s299,207
s300,208
s301,209
s301,210
s302,211
s303,212
s303,213
s304,214
s305,215
s306,216
s307,217
s308,218
s309,219
s311,220
s315,221
s316,222
s317,223
s318,224
s319,225
s319,226
s326,227
s327,228
s328,229
s329,230
s330,30
s331,231
s331,232
s333,89
s334,233
s335,234
s336,235
s338,236
s340,237
s340,238
s341,239
s342,240
s343,241
s344,242
s345,242
s346,243
s347,244
s348,245
s349,246
s350,247
s351,248
s352,249
s353,250
s354,251
s355,252
s356,253
s357,254
s358,156
s359,255
s360,92
s361,256
s363,257
s364,258
s366,259
s368,260
s372,259
s373,261
s374,262
s375,263
s376,264
s378,265
s379,266
s381,267
s384,268
s385,269
s388,270
s389,271
s389,272
s390,273
s393,274
s394,275
s395,276
s396,277
s397,278
s399,279
s403,280
s406,281
s407,282
s408,282
s409,282
s410,282
s411,282
s412,282
s413,282
s414,282
s415,282
s416,282
s417,282
s418,283
s419,284
s419,285
s420,282
s421,282
s422,282
s422,286
s423,282
s424,282
s425,282
s427,287
s427,288
s428,289
s429,290
s430,291
s433,292
s433,293
s433,294
s434,295
s437,296
s438,297
s439,298
s440,299
s440,300
s440,301
s440,302
s440,303
s442,304
s444,305
s445,306
s446,307
s447,308
s448,309
s449,309
s450,310
s451,311
s452,312
s453,313
s455,314
s456,315
s458,316
s459,317
s461,318
s461,319
s462,320
s463,321
s464,322
s464,323
s465,324
s468,325
s469,326
s470,327
s472,328
s472,329
s474,330
s475,331
s476,332
s477,333
s480,304
s481,334
s482,335
s485,336
s486,337
s487,338
s487,339
s490,340
s492,341
s493,342
s495,343
s496,344
s497,345
s499,346
s501,347
s502,291
s503,348
s504,349
s506,350
s506,351
s507,352
s508,353
s509,354
s519,355
s529,356
s529,357
s530,358
s532,359
s532,360
s532,361
s535,362
s542,363
s543,364
s551,304
s552,365
s553,366
s555,367
s556,368
s557,369
s558,370
s558,371
s559,372
s560,120
s561,373
s562,374
s563,374
s564,374
s565,240
s567,375
s568,376
s569,241
s570,377
s571,378
s573,379
s574,380
s574,381
s575,382
s576,383
s577,384
s578,385
s579,386
s580,387
s581,388
s582,389
s583,256
s584,390
s585,391
s586,392
s587,393
s588,394
s588,395
s588,396
s588,397
s588,398
s590,399
s592,400
s593,401
s594,402
s595,403
s596,404
s597,405
s598,406
s599,407
s600,408
s601,409
s602,410
s603,410
s604,410
s605,411
s606,412
s607,413
s608,414
s609,415
s610,416
s611,417
s612,418
s612,419
s613,420
s614,421
s615,422
s616,423
s617,424
s619,425
s620,426
s622,427
s623,428
s624,429
s625,430
s627,431
s630,432
s631,433
s633,434
s634,435
s635,436
s636,437
s637,438
s638,439
s638,440
s638,25
s644,441
s645,442
s646,443
s647,444
s650,350
s651,445
s652,446
s653,446
s655,447
s656,447
s657,447
s665,448
s667,449
s671,450
s671,451
s672,450
s672,451
s673,450
s677,452
s682,453
s684,454
s686,455
s688,203
s689,207
s690,450
s690,451
s691,261
s693,223
s694,456
s695,457
s696,457
s699,458
s702,459
s703,460
s705,461
s706,462
s708,463
s709,464
s712,465
s713,466
s717,467
s719,468
s722,469
s723,470
s724,471
s725,472
s727,473
s727,474
s728,475
s728,476
s729,477
s736,478
s737,479
s738,480
s740,481
s741,482
s742,483
s743,484
s743,485
s744,486
s746,487
s747,486
s748,257
s751,488
s753,139
s755,489
s757,490
s758,491
s759,492
s760,493
s761,493
s763,494
s765,495
s766,496
s767,497
s769,498
s770,499
s770,500
s771,501
s772,502
s774,503
s775,504
s776,505
s777,506
s778,507
s778,508
s780,509
s782,510
s783,511
s784,512
s785,513
s787,514
s788,515
s789,516
s791,517
s792,518
s793,519
s794,520
s795,521
s797,522
s798,523
s799,524
s800,248
s801,525
s802,526
s803,527
s804,528
s805,529
s807,530
s808,530
s809,514
s810,531
s811,412
s812,532
s813,533
s815,534
s816,535
s817,536
s818,537
s819,538
s820,248
s822,539
s823,540
s824,541
s825,542
s827,543
s828,544
s829,545
s830,546
s832,547
s832,548
s833,549
s835,550
s837,551
s839,552
s840,457
s841,553
s842,554
s845,555
s846,556
s847,557
s851,558
s854,559
s857,560
s859,561
s860,562
s861,563
s862,51
s864,564
s865,149
s866,565
s867,566
s867,567
s868,568
s871,569
s872,570
s873,571
s874,572
s876,573
s878,574
s879,575
s880,576
s882,577
s883,578
s886,579
s887,580
s888,581
s890,582
s892,583
s893,584
s894,585
s895,586
s896,587
s898,588
s899,589
s900,590
s902,591
s904,592
s905,593
s906,594
s907,595
s908,596
s910,597
s911,598
s912,599
s914,600
s915,601
s916,602
s917,603
s918,604
s918,605
s920,606
s923,607
s925,608
s927,609
s929,610
s930,611
s931,531
s932,612
s933,613
s934,84
s935,614
s936,615
s936,616
s936,617
s938,618
s939,618
s940,618
s941,618
s942,618
s943,248
s944,619
s945,620
s946,621
s947,622
s948,623
s949,624
s950,625
s951,626
s952,627
s953,628
s954,629
s955,630
s955,631
s956,632
s957,633
s959,177
s960,634
s961,635
s962,636
s962,637
s963,638
s965,639
s965,640
s967,641
s970,642
s971,643
s972,644
s974,645
s975,646
s977,647
s978,648
s979,649
s980,650
s980,651
s981,650
s982,652
s983,653
s984,654
s985,655
s986,656
s987,656
s988,657
s989,658
s990,659
s991,649
s992,660
s993,661
s993,662
s995,207
s996,595
s996,652
s997,663
s1000,664
s1001,665
s1002,666
s1003,667
s1007,618
s1008,618
s1009,618
s1010,668
s1010,669
s1014,670
s1016,671
s1017,672
s1018,673
s1019,674
s1020,675
s1021,676
s1022,677
s1022,678
s1023,679
s1024,680
s1024,681
s1024,682
s1024,683
s1025,684
s1027,685
s1028,686
s1030,687
s1031,573
s1032,688
s1034,689
s1035,690
s1035,691
s1036,692
s1037,693
s1037,694
s1038,695
s1040,696
s1042,697
s1042,698
s1043,699
s1047,700
s1051,701
s1053,240
s1054,702
s1055,585
s1056,703
s1067,704
s1068,705
s1070,706
s1071,707
s1072,618
s1073,618
s1074,618
s1075,618
s1076,708
s1076,709
s1076,710
s1076,711
s1076,712
s1076,713
s1076,714
s1077,618
s1078,618
s1079,618
s1081,715
s1084,716
s1086,717
s1087,718
s1088,355
s1089,719
s1090,720
s1090,721
s1091,722
s1097,723
s1098,724
s1099,725
s1100,726
s1101,727
s1102,728
s1103,729
s1104,730
s1105,191
s1106,731
s1107,732
s1107,733
s1108,734
s1109,735
s1110,736
s1110,737
s1111,738
s1112,739
s1113,740
s1114,622
s1115,741
s1116,742
s1118,743
s1119,744
s1120,745
s1121,746
s1122,23
s1123,747
s1125,748
s1127,749
s1129,750
s1131,530
s1132,530
s1133,530
s1134,514
s1135,751
s1135,752
s1136,753
s1137,754
s1137,755
s1138,756
s1139,757
s1140,758
s1141,759
s1142,199
s1143,760
s1145,761
s1146,762
s1147,763
s1148,764
s1151,765
s1152,766
s1154,767
s1155,768
s1156,769
s1157,770
s1160,771
s1161,772
s1163,773
s1165,774
s1166,775
s1168,776
s1171,777
s1172,778
s1173,779
s1174,780
s1176,413
s1177,781
s1178,782
s1179,783
s1184,784
s1185,785
s1186,786
s1188,787
s1189,788
s1190,789
s1191,790
s1192,791
s1192,792
s1193,793
s1194,585
s1195,794
s1196,795
s1197,796
s1198,797
s1199,798
s1200,799
s1203,800
s1204,30
s1205,801
s1208,802
s1209,803
s1210,804
s1212,805
s1213,806
s1215,807
s1216,808
s1217,809
s1219,810
s1220,811
s1221,812
s1222,813
s1223,814
s1223,815
s1224,816
s1224,817
s1229,818
s1231,819
s1233,820
s1234,207
s1235,821
s1237,2
s1238,822
s1240,823
s1241,84
s1242,824
s1243,825
s1243,826
s1244,827
s1245,828
s1247,829
s1248,530
s1249,830
s1250,831
s1250,832
s1251,833
s1252,834
s1253,835
s1254,836
s1254,837
s1255,343
s1256,530
s1257,838
s1259,839
s1259,840
s1260,841
s1261,842
s1262,843
s1264,844
s1265,845
s1266,846
s1267,843
s1268,593
s1270,847
s1274,848
s1277,849
s1279,789
s1280,850
s1281,851
s1281,852
s1282,853
s1284,744
s1285,744
s1287,854
s1289,311
s1290,855
s1291,856
s1292,857
s1293,858
s1294,859
s1294,860
s1294,861
s1294,862
s1296,863
s1298,864
s1304,475
s1305,50
s1306,865
s1308,866
s1310,867
s1312,868
s1313,869
s1316,870
s1317,871
s1319,872
s1320,873
s1323,874
s1324,875
s1325,876
s1326,877
s1327,878
s1328,876
s1329,473
s1330,879
s1331,880
s1334,531
s1335,881
s1337,882
s1338,883
s1341,884
s1342,885
s1343,886
s1344,887
s1345,888
s1346,889
s1347,890
s1348,891
s1352,892
s1354,21
s1358,893
s1359,894
s1360,160
s1361,895
s1365,896
s1367,897
s1368,898
s1369,899
s1370,900
s1371,901
s1373,902
s1375,903
s1377,904
s1379,905
s1380,906
s1382,907
s1383,908
s1387,909
s1388,910
s1389,911
s1390,912
s1391,913
s1392,914
s1394,915
s1397,916
s1398,917
s1399,918
s1400,919
s1400,920
s1404,921
s1406,922
s1407,615
s1407,923
s1408,924
s1410,925
s1411,926
s1412,927
s1413,928
s1414,754
s1415,929
s1415,930
s1416,931
s1417,932
s1418,933
s1419,934
s1420,935
s1421,936
s1422,937
s1422,938
s1423,939
s1424,940
s1425,941
s1427,939
s1429,942
s1433,943
s1434,944
s1435,945
s1435,946
s1436,947
s1437,948
s1437,949
s1439,950
s1442,951
s1445,400
s1446,952
s1447,953
s1448,954
s1451,955
s1452,956
s1453,957
s1454,958
s1455,959
s1457,960
s1459,961
s1460,962
s1462,963
s1464,964
s1465,965
s1465,966
s1468,967
s1469,968
s1470,84
s1471,969
s1473,970
s1475,971
s1476,972
s1480,973
s1482,974
s1485,975
s1485,976
s1486,977
s1487,978
s1487,979
s1489,980
s1491,981
s1492,982
s1494,983
s1495,564
s1496,984
s1497,985
s1498,986
s1499,987
s1499,988
s1500,989
s1501,990
s1502,627
s1503,991
s1505,992
s1505,993
s1508,994
s1510,995
s1511,996
s1512,997
s1513,998
s1514,999
s1516,1000
s1518,1001
s1520,1002
s1521,1003
s1521,1004
s1521,206
s1521,1005
s1522,1002
s1523,1002
s1524,1006
s1525,1007
s1526,1008
s1527,458
s1530,80
s1531,1009
s1532,1010
s1533,1011
s1533,1012
s1534,1013
s1535,1014
s1537,1015
s1538,1016
s1541,1017
s1542,1018
s1542,1019
s1543,1020
s1545,1021
s1550,1022
s1551,1023
s1557,1024
s1558,1025
s1559,1026
s1559,1027
s1561,1028
s1562,1029
s1564,1030
s1565,1031
s1566,1032
s1567,573
s1568,1014
s1569,1014
s1572,1033
s1576,1034
s1577,1035
s1581,1036
s1581,1037
s1581,1038
s1582,532
s1583,768
s1585,797
s1587,1039
s1588,1040
s1588,1041
s1588,1042
s1589,1043
s1592,1044
s1592,1045
s1593,1046
s1596,409
s1598,1047
s1599,1048
s1600,1049
s1601,1050
s1602,1051
s1603,1052
s1605,1053
s1607,1054
s1609,375
s1610,1055
s1611,689
s1613,896
s1614,1056
s1617,1057
s1618,1058
s1621,1059
s1622,91
s1625,689
s1627,1060
s1630,1061
s1631,1062
s1632,1063
s1633,1064
s1634,1065
s1636,18
s1636,17
s1637,1066
s1638,1067
s1643,1068
s1644,1069
s1645,1070
s1646,1071
s1647,1072
s1648,986
s1649,1073
s1651,995
s1652,1074
s1653,1075
s1654,1075
s1655,734
s1656,1076
s1656,1077
s1657,689
s1658,1078
s1660,1079
s1661,1080
s1663,1081
s1664,1082
s1665,564
s1666,1083
s1667,1084
s1670,1085
s1670,1086
s1672,1087
s1674,1088
s1675,1089
s1676,1090
s1677,1091
s1678,986
s1679,1088
s1680,211
s1681,846
s1682,1092
s1683,986
s1684,1093
s1686,1094
s1687,1095
s1690,1096
s1691,1097
s1691,1098
s1692,1099
s1695,1100
s1695,1101
s1696,1099
s1700,1102
s1701,867
s1703,1103
s1704,1104
s1705,1105
s1706,1106
s1707,1107
s1708,986
s1710,1108
s1711,1109
s1713,143
s1714,1110
s1715,758
s1716,1111
s1721,1112
s1722,1113
s1722,1114
s1726,1115
s1728,1116
s1729,1117
s1729,1118
s1729,1119
s1730,1120
s1732,1121
s1733,458
s1734,1122
s1735,1123
s1736,1124
s1737,1125
s1740,1099
s1742,1126
s1743,1127
s1744,1128
s1745,1129
s1748,1130
s1748,1131
s1750,1132
s1752,1133
s1753,1133
s1754,1134
s1762,1135
s1763,1136
s1764,1137
s1765,799
s1768,917
s1769,1138
s1771,1023
s1772,1139
s1773,1140
s1775,1141
s1776,1142
s1777,1143
s1778,1144
s1781,1145
s1784,1146
s1785,1147
s1786,1148
s1787,1149
s1788,1150
s1789,1151
s1790,1152
s1793,1153
s1794,1154
s1795,1155
s1795,1156
s1796,1157
s1797,1158
s1798,1159
s1799,1160
s1801,1161
s1801,1162
s1802,1163
s1803,1164
s1806,1165
s1806,1166
s1807,1167
s1808,1168
s1809,1169
s1810,986
s1811,1170
s1812,1171
s1813,1172
s1815,1173
s1816,981
s1817,514
s1818,1174
s1819,1175
s1820,1176
s1821,1175
s1822,1175
s1823,1174
s1824,1177
s1825,1178
s1826,1179
s1827,1174
s1828,1175
s1830,1180
s1831,1181
s1832,1174
s1833,1182
s1834,1183
s1834,1184
s1836,1185
s1837,1186
s1837,1187
s1839,1188
s1841,444
s1843,1189
s1844,1190
s1845,1191
s1846,1192
s1847,1193
s1850,754
s1851,1194
s1854,1195
s1854,1196
s1856,1197
s1856,1198
s1857,1199
s1858,1200
s1859,1201
s1860,766
s1862,1202
s1863,1203
s1864,1204
s1866,1205
s1867,1157
s1868,864
s1870,1206
s1871,648
s1873,1207
s1875,1208
s1875,1209
s1877,1210
s1880,181
s1881,1211
s1882,1212
s1883,1213
s1884,1214
s1885,1215
s1887,1216
s1887,1217
s1887,1218
s1888,1219
s1889,1220
s1892,1221
s1893,17
s1893,18
s1897,257
s1898,1222
s1899,1223
s1900,655
s1901,1224
s1902,1225
s1903,1226
s1904,1227
s1905,1228
s1905,1229
s1906,1230
s1910,247
s1912,1231
s1913,1232
s1914,1233
s1914,1234
s1917,1235
s1920,1236
s1921,1237
s1922,1238
s1925,1239
s1927,1240
s1928,1241
s1931,1242
s1932,1243
s1935,1244
s1936,1245
s1937,1246
s1938,1244
s1939,1247
s1940,25
s1941,211
s1942,1201
s1943,25
s1944,1248
s1945,1202
s1946,1249
s1947,1250
s1951,1251
s1954,647
s1958,1252
s1960,1253
s1961,1254
s1961,1255
s1963,1256
s1964,1257
s1965,1258
s1966,1258
s1966,1259
s1967,1258
s1967,1259
s1968,1260
s1969,1258
s1970,1258
s1971,1261
s1972,1262
s1973,1263
s1975,1264
s1976,1265
s1977,1266
s1978,1267
s1982,1268
s1983,1269
s1985,950
s1986,1270
s1987,1269
s1988,1271
s1993,1272
s1996,1273
s1997,1274
s1998,1275
s1999,1276
s2000,1277
s2001,1278
s2002,1279
s2004,63
s2005,1280
s2006,1281
s2008,1282
s2011,1283
s2012,1284
s2015,1285
s2016,1286
s2017,1287
s2018,1288
s2019,1288
s2020,1289
s2021,1290
s2023,1291
s2024,1292
s2025,649
s2026,1293
s2027,1294
s2028,1295
s2028,1296
s2029,1297
s2030,375
s2031,1298
s2032,1299
s2034,1300
s2035,1301
s2036,1302
s2037,1303
s2039,1304
s2039,1305
s2040,1306
s2042,1307
s2044,1308
s2046,1309
s2047,495
s2049,1310
s2050,458
s2051,1311
s2051,1312
s2052,1313
s2053,1314
s2056,1315
s2057,1316
s2058,1317
s2060,1318
s2061,1168
s2062,1319
s2066,1320
s2068,1321
s2072,1322
s2073,1323
s2075,1324
s2076,1325
s2077,1326
s2077,1327
s2077,1328
s2078,1329
s2080,63
s2081,1330
s2082,1331
s2082,1332
s2083,1333
s2084,1334
s2085,1335
s2088,1336
s2088,1337
s2089,1338
s2091,1339
s2092,1340
s2093,1341
s2095,1342
s2096,1343
s2101,1344
s2104,1345
s2105,1346
s2108,1347
s2109,1348
s2111,1349
s2112,93
s2115,51
s2116,1350
s2117,1351
s2118,1352
s2120,1353
s2121,1354
s2122,1355
s2127,675
s2129,1356
s2130,1357
s2131,1358
s2132,766
s2133,1359
s2133,1360
s2138,1361
s2139,1273
s2140,1273
s2142,1362
s2143,404
s2144,1363
s2147,1364
s2148,1115
s2150,1365
s2151,1366
s2155,1367
s2156,981
s2160,1368
s2162,1369
s2164,1370
s2165,1371
s2167,18
s2167,17
s2168,1372
s2170,991
s2172,1373
s2173,1374
s2177,469
s2178,532
s2180,1375
s2183,1376
s2184,1377
s2186,1378
s2186,1379
s2187,1380
s2188,1381
s2188,1382
s2189,1383
s2192,1384
s2194,1385
s2195,1386
s2196,1387
s2197,1388
s2198,1389
s2199,1390
s2200,1391
s2201,1392
s2203,1393
s2205,1394
s2206,1395
s2207,1396
s2208,1397
s2208,1398
s2209,1076
s2209,1077
s2210,1399
s2211,1400
s2212,1401
s2214,191
s2215,1402
s2216,1403
s2217,1404
s2220,1405
s2220,1406
s2221,1407
s2222,1408
s2222,1409
s2225,1410
s2229,1411
s2229,1412
s2232,1413
s2232,1414
s2233,1415
s2234,1416
s2235,182
s2240,1417
s2241,1418
s2243,1419
s2244,1420
s2245,1421
s2245,1422
s2246,1423
s2248,1424
s2249,1425
s2251,1426
s2252,1427
s2253,56
s2257,1428
s2258,1429
s2258,1430
s2260,1431
s2261,1432
s2261,1433
s2262,1434
s2263,1435
s2263,1436
s2264,1437
s2265,1438
s2266,1439
s2267,1440
s2268,1088
s2268,147
s2268,1441
s2268,1442
s2269,1443
s2270,1444
s2271,146
s2272,1445
s2273,1446
s2274,1447
s2275,1448
s2276,1449
s2277,1222
s2278,1450
s2279,1451
s2280,846
s2281,1286
s2282,1452
s2283,1453
s2284,1454
s2285,1455
s2286,1456
s2286,1457
s2287,1458
s2288,1459
s2289,199
s2290,1460
s2291,1461
s2292,1462
s2295,1463
s2296,1464
s2297,1465
s2301,1466
s2303,1467
s2303,1468
s2305,1469
s2305,1470
s2308,1471
s2309,1472
s2310,1473
s2311,850
s2312,1474
s2313,1473
s2315,583
s2316,1475
s2317,1476
s2317,1477
s2318,1478
s2320,1479
s2322,789
s2324,1480
s2325,1464
s2326,1481
s2327,1482
s2329,1483
s2331,1484
s2333,1485
s2334,1486
s2337,1482
s2339,1487
s2340,1488
s2341,1488
s2342,1489
s2342,1490
s2343,1491
s2345,1492
s2346,1493
s2348,1494
s2349,1495
s2351,1496
s2351,1497
s2352,1498
s2354,1499
s2355,358
s2357,1500
s2359,1501
s2361,647
s2362,358
s2364,1502
s2365,1503
s2365,1504
s2366,358
s2367,358
s2368,358
s2369,358
s2370,358
s2371,1505
s2372,1486
s2373,1506
s2374,358
s2375,1507
s2376,358
s2377,358
s2378,1508
s2380,1509
s2381,1510
s2382,1480
s2383,1511
s2386,1512
s2387,1226
s2388,1495
s2390,1513
s2392,822
s2392,1514
s2393,1515
s2394,92
s2398,1516
s2399,1517
s2403,1518
s2404,1519
s2406,452
s2408,1520
s2411,717
s2412,1521
s2413,1522
s2413,1523
s2414,1524
s2414,1525
s2415,1526
s2417,1527
s2419,1528
s2420,1529
s2421,1088
s2422,182
s2424,1530
s2425,15
s2428,1531
s2429,1532
s2430,1297
s2431,1533
s2432,1534
s2434,1535
s2435,1536
s2436,1535
s2437,1537
s2438,1538
s2439,1349
s2440,1539
s2442,1540
s2443,1541
s2444,1542
s2446,1543
s2447,1544
s2449,1545
s2452,1546
s2455,1547
s2456,1548
s2457,1549
s2458,1550
s2459,1551
s2461,358
s2464,1552
s2465,1552
s2466,1553
s2468,1554
s2469,1555
s2470,1556
s2471,1557
s2472,1558
s2472,1559
s2475,722
s2476,362
s2478,367
s2479,1560
s2479,1561
s2479,1562
s2480,1563
s2481,1564
s2481,1565
s2481,1566
s2481,1567
s2481,1568
s2482,1464
s2483,1569
s2484,1570
s2485,1571
s2486,1572
s2488,1573
s2489,1574
s2490,1574
s2491,1575
s2492,1576
s2493,1577
s2493,1578
s2494,1579
s2495,1580
s2495,1581
s2497,1582
s2498,876
s2499,1583
s2501,1584
s2502,1585
s2503,1541
s2504,1537
s2505,1586
s2506,1587
s2507,1587
s2508,1588
s2510,1535
s2511,1586
s2512,1589
s2513,1539
s2514,544
s2517,1590
s2521,1591
s2522,1592
s2523,1180
s2528,1593
s2532,822
s2532,1514
s2533,822
s2533,1514
s2534,1594
s2535,1595
s2536,1596
s2537,189
s2538,1597
s2539,1598
s2540,1599
s2541,1363
s2542,1600
s2544,1601
s2545,1602
s2546,1157
s2548,1603
s2550,1604
s2551,1605
s2554,1606
s2554,1607
s2554,1608
s2554,1609
s2556,1610
s2557,1611
s2558,1612
s2559,362
s2560,1613
s2561,1614
s2562,1615
s2563,1616
s2564,1617
s2565,1618
s2566,1619
s2567,1620
s2568,774
s2571,1023
s2572,1621
s2573,1023
s2574,1622
s2577,1623
s2578,1624
s2579,1625
s2580,17
s2580,18
s2582,1626
s2583,615
s2583,616
s2585,1627
s2588,1628
s2590,1629
s2592,1630
s2593,118
s2593,119
s2594,1631
s2595,1631
s2596,1631
s2597,1632
s2598,1633
s2602,11
s2603,1634
s2604,1635
s2604,1636
s2605,1637
s2606,595
s2608,1638
s2611,1639
s2613,803
s2613,1640
s2614,1641
s2615,1642
s2615,1643
s2616,1644
s2617,656
s2618,1645
s2619,659
s2620,1646
s2621,595
s2622,595
s2623,1647
s2624,1297
s2625,1648
s2626,1248
s2627,1649
s2630,1650
s2631,1349
s2633,894
s2634,1651
s2635,1652
s2636,1653
s2637,1654
s2638,1655
s2639,1297
s2643,1656
s2645,1657
s2647,1658
s2648,1658
s2650,754
s2651,1659
s2653,1660
s2654,1661
s2655,1351
s2656,1662
s2657,1101
s2660,1663
s2664,1664
s2668,1665
s2669,2
s2672,1666
s2673,1667
s2674,1400
s2675,1668
s2676,1669
s2676,1670
s2678,1671
s2678,1672
s2679,1673
s2680,1674
s2681,1675
s2682,1676
s2683,1677
s2684,1678
s2686,1679
s2687,1680
s2688,1143
s2689,1638
s2691,1681
s2694,1682
s2695,1683
s2695,1684
s2696,1685
s2697,1686
s2698,1687
s2701,1688
s2702,1689
s2703,1690
s2704,1691
s2705,1692
s2706,1693
s2707,1694
s2708,518
s2710,1695
s2712,1696
s2712,71
s2713,1697
s2714,1698
s2715,1699
s2716,1700
s2717,1701
s2718,282
s2720,1702
s2720,1703
s2721,1704
s2722,1705
s2723,1706
s2724,1707
s2725,1708
s2726,1706
s2727,365
s2729,680
s2730,1709
s2731,1441
s2732,1441
s2733,1710
s2734,1711
s2735,1441
s2736,1459
s2738,282
s2738,1712
s2738,1713
s2739,1714
s2742,1715
s2745,1716
s2745,1717
s2746,1718
s2748,1719
s2750,1720
s2751,1721
s2753,1722
s2755,1723
s2756,1724
s2757,1725
s2758,1726
s2759,1727
s2761,1728
s2763,469
s2764,1077
s2764,1076
s2767,1729
s2769,1730
s2770,1731
s2770,1732
s2771,1332
s2771,1331
s2772,1733
s2774,1734
s2776,1735
s2777,1736
s2779,1737
s2781,1738
s2782,1739
s2782,1740
s2783,1741
s2787,1742
s2790,1743
s2796,1744
s2796,1745
s2797,1746
s2799,1747
s2800,1748
s2800,1749
s2801,385
s2802,1750
s2804,1751
s2806,1752
s2807,1753
s2810,1754
s2811,1755
s2812,1631
s2813,1631
s2814,1756
s2815,1631
s2816,1757
s2818,1758
s2820,1759
s2821,1760
s2822,279
s2823,1761
s2824,1762
s2829,1763
s2830,405
s2831,1764
s2832,1765
s2833,196
s2834,1766
s2835,1767
s2836,936
s2837,1136
s2838,1768
s2840,556
s2841,1769
s2843,1770
s2844,1771
s2845,1772
s2845,1773
s2846,1771
s2847,1774
s2848,1775
s2848,1776
s2849,1617
s2850,1588
s2851,1777
s2852,1778
s2853,1779
s2854,1780
s2857,1781
s2859,1782
s2860,1783
s2861,894
s2862,1784
s2863,1785
s2864,240
s2865,1786
s2866,1787
s2867,1788
s2868,1335
s2874,1769
s2877,1789
s2877,1790
s2878,1791
s2878,1792
s2878,1237
s2878,1793
s2878,1794
s2879,1795
s2880,794
s2882,1417
s2883,1351
s2885,1796
s2886,291
s2887,1797
s2888,1798
s2890,1799
s2891,1800
s2896,1801
s2897,1802
s2898,1803
s2899,1804
s2900,1805
s2902,1806
s2904,1807
s2905,1808
s2906,1809
s2907,1281
s2908,1810
s2909,1811
s2910,1812
s2912,1813
s2912,1814
s2913,1815
s2914,1816
s2915,1817
s2916,1818
s2917,675
s2919,188
s2920,1819
s2920,1820
s2920,1821
s2924,1822
s2924,1823
s2925,1824
s2925,1825
s2926,872
s2929,1559
s2929,1558
s2930,1826
s2931,984
s2933,1827
s2934,1828
s2935,1829
s2936,1830
s2937,1831
s2940,1832
s2941,1833
s2944,1834
s2947,1835
s2947,1836
s2948,1837
s2949,1838
s2949,1839
s2950,1840
s2950,1841
s2951,1842
s2952,1843
s2953,1844
s2955,1802
s2956,1845
s2957,1846
s2958,1488
s2961,1847
s2962,1848
s2963,1849
s2964,1850
s2969,1851
s2970,1488
s2971,1852
s2973,1853
s2974,1485
s2976,1854
s2979,1855
s2982,1856
s2986,1857
s2987,819
s2988,1020
s2988,1858
s2989,1859
s2989,1860
s2990,1861
s2991,1862
s2996,1863
s2997,497
s3000,1864
s3003,1865
s3003,1866
s3004,1867
s3005,1868
s3007,1869
s3008,1870
s3009,307
s3010,1871
s3015,1872
s3017,1873
s3018,1874
s3019,1875
s3020,1561
s3022,1876
s3023,1877
s3024,1878
s3026,1879
s3027,1880
s3028,1881
s3028,1882
s3030,1661
s3032,1883
s3033,1884
s3037,1444
s3039,1885
s3042,514
s3044,1886
s3045,1887
s3047,1888
s3049,1595
s3052,1889
s3055,1890
s3058,1891
s3058,1892
s3059,1891
s3059,1893
s3060,1891
s3061,1088
s3061,147
s3061,1441
s3061,1442
s3062,471
s3063,1894
s3065,1617
s3068,1895
s3069,686
s3070,1896
s3071,1889
s3073,1897
s3074,1898
s3078,1899
s3079,1900
s3081,1901
s3082,1902
s3090,1903
s3091,1904
s3092,1905
s3094,1906
s3095,1907
s3097,1908
s3098,750
s3099,1909
s3099,1910
s3100,1911
s3101,514
s3102,1912
s3102,1913
s3103,571
s3105,1914
s3106,1915
s3108,1916
s3110,1917
s3111,1918
s3113,1638
s3114,1919
s3115,1920
s3116,1638
s3117,1921
s3119,1922
s3122,1923
s3124,1924
s3125,1925
s3125,1926
s3125,1927
s3125,1928
s3125,1929
s3125,1930
s3125,1931
s3125,1932
s3125,1933
s3125,1934
s3125,1935
s3126,1354
s3127,1936
s3131,1480
s3132,1937
s3133,1442
s3134,1937
s3135,1937
s3136,1938
s3137,672
s3138,1939
s3139,774
s3140,1940
s3141,1941
s3142,1942
s3143,1937
s3144,1442
s3145,1466
s3146,1943
s3148,1940
s3150,1442
s3151,1944
s3152,421
s3153,36
s3154,1638
s3155,1945
s3156,1946
s3157,421
s3158,1947
s3159,1948
s3160,1538
s3161,1949
s3162,1950
s3163,1951
s3164,1952
s3165,1953
s3167,734
s3168,1371
s3170,1954
s3171,1955
s3172,1956
s3175,1957
s3176,1958
s3176,1959
s3179,1638
s3180,1638
s3181,1960
s3187,1961
s3189,1962
s3190,1963
s3191,1964
s3192,1965
s3194,1966
s3195,1967
s3196,1968
s3198,1969
s3199,1970
s3201,1971
s3202,1972
s3203,1973
s3203,1974
s3204,1975
s3206,858
s3206,1976
s3207,1977
s3208,1978
s3210,182
s3211,1979
s3212,1980
s3214,1981
s3215,1982
s3216,1983
s3218,1413
s3219,1095
s3224,1984
s3225,1985
s3226,51
s3227,1986
s3227,1987
s3228,894
s3229,1621
s3230,532
s3234,1988
s3235,1989
s3235,1990
s3236,518
s3238,1991
s3240,1939
s3245,1840
s3245,1841
s3249,1992
s3251,1993
s3252,1994
s3254,1995
s3255,1996
s3257,1997
s3260,1998
s3261,1999
s3262,893
s3263,2000
s3265,2001
s3266,2002
s3267,2003
s3268,2004
s3269,2005
s3269,2006
s3273,2007
s3274,2008
s3279,2009
s3281,2010
s3286,2011
s3290,2012
s3291,1017
s3293,2013
s3297,2014
s3298,2015
s3300,2016
s3301,2017
s3303,2018
s3304,1617
s3306,2019
s3308,2020
s3309,2021
s3310,1095
s3312,2022
s3313,2023
s3316,1372
s3318,1372
s3319,2024
s3320,2025
s3320,2026
s3321,74
s3322,2027
s3323,191
s3324,2028
s3325,2029
s3327,2030
s3330,2031
s3332,2032
s3333,2033
s3335,1704
s3336,2034
s3336,2035
s3338,372
s3339,2036
s3344,2037
s3347,444
s3348,2038
s3349,2039
s3350,2040
s3354,2041
s3354,2042
s3355,2043
s3357,2044
s3359,2045
s3360,2046
s3363,1071
s3366,2040
s3367,2047
s3372,647
s3373,2048
s3375,2049
s3377,2050
s3380,2051
s3381,2052
s3384,2053
s3385,2054
s3385,2055
s3387,2056
s3388,2057
s3389,2058
s3390,1173
s3391,51
s3392,2059
s3393,196
s3399,2060
s3400,1920
s3403,595
s3406,2061
s3408,2062
s3409,2063
s3410,2064
s3412,1143
s3413,2065
s3414,2066
s3418,2067
s3419,2068
s3420,336
s3422,2060
s3423,2069
s3424,2070
s3425,2071
s3426,2072
s3426,2073
s3428,649
s3429,2074
s3430,156
s3432,2075
s3433,1634
s3435,2076
s3437,2077
s3439,2078
s3440,2079
s3442,1663
s3444,984
s3447,2080
s3449,2081
s3451,2082
s3452,2083
s3457,2084
s3457,532
s3460,2085
s3461,2086
s3462,2087
s3466,2088
s3469,2089
s3472,2090
s3473,2091
s3473,2092
s3476,2093
s3476,2094
s3477,1954
s3478,2095
s3479,1278
s3480,2096
s3481,2096
s3483,2097
s3485,2098
s3486,2099
s3486,2100
s3486,2101
s3486,752
s3486,2102
s3486,2103
s3486,2104
s3486,2105
s3486,2106
s3486,2107
s3487,2108
s3488,2109
s3491,2110
s3493,860
s3494,860
s3495,2111
s3496,789
s3497,2112
s3498,2113
s3499,2114
s3501,2115
s3504,2116
s3507,2117
s3507,2118
s3508,659
s3510,2119
s3512,1334
s3513,791
s3514,321
s3515,887
s3517,860
s3518,2120
s3519,2121
s3521,656
s3523,2122
s3524,2123
s3529,827
s3530,2124
s3531,2125
s3532,2126
s3533,2127
s3534,653
s3537,2128
s3538,2129
s3539,2130
s3542,2131
s3543,2130
s3543,2132
s3545,1064
s3546,1550
s3548,2133
s3548,2134
s3549,774
s3550,2135
s3555,2136
s3556,627
s3557,2137
s3558,2138
s3560,2139
s3561,2140
s3564,2141
s3565,2142
s3566,2143
s3567,2144
s3568,1113
s3568,1114
s3569,2145
s3570,2145
s3571,2145
s3573,1014
s3575,2146
s3583,2147
s3584,482
s3587,2148
s3590,982
s3590,1088
s3591,2149
s3591,2150
s3591,1116
s3591,2151
s3591,2152
s3591,2153
s3591,2154
s3592,1674
s3594,2155
s3595,2156
s3596,2157
s3597,2158
s3600,2159
s3603,2160
s3604,2161
s3604,2162
s3606,2163
s3614,2164
s3615,2164
s3617,2165
s3618,2166
s3619,573
s3620,1949
s3621,1855
s3622,220
s3623,1615
s3624,2167
s3626,2168
s3627,1850
s3629,2169
s3631,2170
s3632,2171
s3635,2172
s3636,1588
s3638,2173
s3639,1965
s3640,2174
s3642,93
s3644,2175
s3644,2176
s3646,2177
s3647,1685
s3647,2178
s3648,2179
s3649,2180
s3650,2181
s3650,2182
s3651,2183
s3653,2184
s3654,2185
s3658,1415
s3659,2186
s3662,2187
s3663,2188
s3669,2189
s3671,2190
s3673,57
s3676,2191
s3677,2192
s3679,2193
s3680,2194
s3682,2195
s3682,2196
s3682,2197
s3684,887
s3694,1961
s3698,2198
s3699,2199
s3700,2200
s3702,2201
s3704,2202
s3707,2203
s3710,240
s3712,497
s3712,277
s3714,2165
s3715,2204
s3716,2205
s3718,1334
s3718,2206
s3719,2207
s3719,2207
s3720,2208
s3720,2209
s3720,2210
s3721,2211
s3729,2211
s3729,2212
s3730,2213
s3730,2214
s3731,2215
s3732,1690
s3733,2130
s3734,1685
s3735,2216
s3736,2217
s3739,2218
s3739,2219
s3740,2220
s3741,2221
s3744,2222
s3748,11
s3754,2223
s3757,2224
s3758,2225
s3759,1855
s3760,894
s3762,2226
s3764,2227
s3765,2228
s3766,270
s3767,2229
s3768,2230
s3769,2231
s3772,97
s3773,2232
s3774,2007
s3776,2233
s3777,1588
s3778,2234
s3778,2235
s3782,2236
s3784,2237
s3786,447
s3787,2238
s3789,137
s3791,2239
s3792,2240
s3794,2241
s3796,1613
s3798,2242
s3799,375
s3801,2243
s3803,2244
s3803,2245
s3804,2246
s3805,440
s3806,1961
s3809,2247
s3810,2198
s3811,2198
s3812,2198
s3814,2248
s3815,2249
s3816,2250
s3817,2251
s3819,2252
s3820,2253
s3821,2254
s3823,2255
s3826,2256
s3829,2257
s3830,1372
s3831,2258
s3833,2259
s3834,2260
s3835,2261
s3837,2118
s3842,824
s3843,2262
s3858,2263
s3858,2264
s3859,2265
s3860,2266
s3861,2267
s3863,2268
s3864,473
s3866,2269
s3867,2270
s3869,2271
s3870,37
s3872,2272
s3873,2273
s3874,2274
s3875,2275
s3876,2276
s3878,1588
s3886,2277
s3889,774
s3890,595
s3891,2278
s3892,2279
s3894,274
s3895,2280
s3896,2281
s3897,2282
s3900,2283
s3904,2284
s3905,2285
s3906,2286
s3907,2287
s3908,2288
s3909,2289
s3911,77
s3912,2290
s3913,2157
s3914,1222
s3915,2165
s3916,2291
s3917,2292
s3918,2293
s3919,2294
s3920,1246
s3922,2136
s3923,2295
s3924,2295
s3927,2296
s3929,2297
s3929,2298
s3929,2299
s3929,2300
s3930,774
s3931,2301
s3933,20
s3934,203
s3936,2302
s3940,203
s3946,2303
s3948,774
s3949,2225
s3949,2304
s3951,2305
s3952,2306
s3953,1095
s3955,2307
s3956,2308
s3958,2309
s3960,2310
s3961,2311
s3963,2312
s3964,2313
s3967,2314
s3968,2315
s3973,2316
s3974,754
s3975,1663
s3976,2317
s3978,2318
s3979,2319
s3979,2320
s3983,635
s3984,2321
s3986,953
s3991,2322
s3992,2323
s3993,1048
s3994,2324
s3995,1032
s3996,858
s3998,2325
s3998,2326
s4000,2327
s4001,2328
s4003,2329
s4004,2330
s4005,2250
s4006,2331
s4008,791
s4009,471
s4009,2332
s4010,791
s4011,471
s4012,2333
s4014,1226
s4018,2324
s4019,2334
s4020,2323
s4021,1032
s4022,986
s4025,2335
s4026,2336
s4032,2337
s4032,2338
s4034,2339
s4035,2340
s4037,2341
s4038,1589
s4039,2322
s4040,2334
s4041,458
s4042,2342
s4046,2343
s4047,573
s4048,1124
s4049,2344
s4050,2345
s4051,2346
s4052,2347
s4053,1735
s4054,2348
s4059,2349
s4060,2350
s4061,2351
s4062,20
s4063,2352
s4065,2353
s4065,2354
s4066,139
s4067,2355
s4068,2356
s4069,986
s4070,2322
s4071,573
s4072,573
s4073,2357
s4074,986
s4075,986
s4076,986
s4077,986
s4078,1168
s4079,2334
s4081,2358
s4082,2359
s4083,2360
s4084,1663
s4086,2361
s4087,2362
s4088,2363
s4089,2364
s4092,2365
s4093,2366
s4094,2367
s4095,2368
s4096,2369
s4097,2370
s4098,2371
s4099,2372
s4100,2373
s4101,2374
s4102,2375
s4103,1222
s4104,1247
s4105,2376
s4107,2377
s4108,26
s4109,2378
s4111,2379
s4111,2380
s4113,2381
s4114,2382
s4116,1673
s4118,2383
s4121,2064
s4122,2384
s4124,2385
s4125,2386
s4129,1563
s4134,2387
s4135,2388
s4136,2389
s4136,2390
s4136,2391
s4136,2392
s4137,238
s4137,237
s4139,2393
s4140,2394
s4147,2395
s4148,2396
s4149,111
s4151,2397
s4152,1966
s4153,2398
s4154,791
s4155,2399
s4156,2400
s4157,2401
s4158,2402
s4159,2403
s4160,754
s4161,2404
s4162,754
s4162,2405
s4165,2406
s4166,2407
s4166,2408
s4170,2409
s4174,2410
s4174,2411
s4175,2412
s4177,795
s4178,2413
s4181,2414
s4182,1153
s4183,597
s4186,2415
s4187,2416
s4189,205
s4191,2417
s4192,2418
s4193,2419
s4194,2420
s4195,2225
s4196,2225
s4198,2421
s4199,1168
s4204,2422
s4205,2423
s4206,2424
s4209,2425
s4209,2426
s4210,2427
s4211,2428
s4212,2429
s4213,2430
s4214,2431
s4215,2432
s4218,2433
s4218,2434
s4220,2435
s4222,2436
s4223,2177
s4224,1789
s4225,2437
s4226,2438
s4229,2439
s4230,2439
s4232,2440
s4233,2440
s4234,2441
s4234,2442
s4235,2443
s4237,2444
s4238,2445
s4239,2445
s4240,2445
s4243,995
s4244,2446
s4245,2447
s4247,2448
s4248,2448
s4249,2177
s4250,2449
s4253,2450
s4256,2451
s4259,2452
s4260,2453
s4263,2454
s4268,2455
s4269,2456
s4276,2457
s4278,2458
s4279,2459
s4281,2460
s4282,2461
s4283,2462
s4284,2463
s4285,391
s4285,2464
s4286,2465
s4287,1901
s4288,2466
s4290,2467
s4290,2468
s4292,2469
s4293,2470
s4294,2471
s4295,2472
s4296,2473
s4298,2474
s4300,2448
s4302,2448
s4303,2475
s4304,2476
s4307,2477
s4314,2478
s4314,2479
s4315,1588
s4316,2480
s4318,2481
s4319,2482
s4320,2483
s4322,2484
s4323,2279
s4324,2084
s4325,2485
s4326,1278
s4329,2486
s4330,2487
s4331,2488
s4332,2489
s4333,2490
s4334,2491
s4335,2492
s4336,2493
s4337,2494
s4338,2491
s4339,2491
s4340,2495
s4342,2496
s4342,2497
s4343,2498
s4344,2487
s4346,2499
s4347,2500
s4349,2501
s4350,2502
s4352,1960
s4353,1055
s4355,2503
s4355,2504
s4356,2505
s4358,2506
s4359,2293
s4361,2507
s4362,2508
s4365,2509
s4365,2510
s4370,2511
s4371,2512
s4374,2513
s4375,2225
s4376,2514
s4378,2515
s4379,2068
s4383,2516
s4384,2517
s4386,1672
s4386,1671
s4389,2518
s4391,1099
s4392,2519
s4393,2520
s4394,2521
s4395,2522
s4395,2523
s4396,2524
s4397,1117
s4397,1118
s4398,2525
s4399,2526
s4402,2527
s4403,2528
s4405,2529
s4412,2530
s4415,2531
s4417,2532
s4418,2533
s4419,2534
s4420,2535
s4421,2536
s4422,2537
s4423,2538
s4424,2538
s4425,2539
s4426,2540
s4427,143
s4428,1201
s4429,1099
s4430,200
s4430,2541
s4432,2542
s4433,1452
s4434,2543
s4435,2544
s4436,2545
s4438,2546
s4439,2537
s4440,2547
s4441,149
s4442,2548
s4443,2549
s4444,2550
s4445,2551
s4446,1943
s4447,2552
s4448,2553
s4449,2554
s4450,143
s4451,1949
s4452,1446
s4453,2555
s4454,2537
s4455,147
s4456,1264
s4457,2556
s4458,939
s4459,2557
s4460,2558
s4461,2559
s4463,2560
s4464,2561
s4465,1093
s4467,676
s4468,2562
s4469,2406
s4471,1407
s4472,2563
s4473,2564
s4474,2565
s4476,2566
s4478,2567
s4481,2157
s4482,2568
s4483,181
s4485,514
s4487,2569
s4487,2570
s4491,277
s4493,1508
s4494,2571
s4497,2572
s4500,2573
s4501,2520
s4503,2574
s4506,2575
s4507,2576
s4508,741
s4510,2577
s4511,2578
s4513,2579
s4514,2580
s4515,2581
s4516,2582
s4517,1165
s4520,73
s4523,613
s4525,2583
s4525,2584
s4526,2139
s4527,2585
s4529,2586
s4533,2587
s4534,2588
s4538,2589
s4539,2590
s4540,514
s4541,2591
s4541,2592
s4542,2593
s4544,2594
s4545,2591
s4546,2594
s4548,2595
s4548,2596
s4549,2597
s4549,2598
s4553,2434
s4555,2596
s4556,2599
s4557,2600
s4558,1099
s4559,268
s4560,2601
s4561,2602
s4562,2239
s4563,1088
s4564,2603
s4565,2604
s4566,1711
s4567,2605
s4568,2546
s4569,2606
s4570,2607
s4572,143
s4573,2608
s4574,675
s4575,2609
s4576,2610
s4577,2608
s4578,2005
s4579,2611
s4580,2612
s4581,1719
s4582,1262
s4583,2613
s4584,2614
s4585,2495
s4586,2546
s4587,1629
s4588,2615
s4589,2616
s4590,2617
s4591,2617
s4592,2618
s4593,2574
s4594,2619
s4595,1966
s4596,2620
s4597,2621
s4598,2622
s4599,2623
s4600,2624
s4601,1457
s4601,1456
s4602,1456
s4602,1457
s4603,2625
s4604,2626
s4606,2627
s4607,2452
s4608,2552
s4610,2628
s4611,982
s4612,2601
s4613,2629
s4614,2630
s4615,2631
s4616,2632
s4617,2633
s4618,2634
s4619,2635
s4620,2636
s4621,2637
s4625,2225
s4626,2638
s4626,2189
s4627,2639
s4631,2640
s4631,2641
s4642,2642
s4643,2643
s4647,2644
s4650,2645
s4654,2646
s4657,2647
s4657,2648
s4658,2649
s4660,2650
s4661,741
s4662,1334
s4665,2651
s4666,1145
s4667,2652
s4668,2653
s4669,2654
s4670,2655
s4672,2656
s4676,1107
s4680,2657
s4681,2378
s4682,2345
s4684,2658
s4685,2659
s4686,2660
s4687,2661
s4688,2662
s4689,1675
s4691,24
s4692,2663
s4693,2664
s4694,2665
s4695,2666
s4698,2667
s4699,2668
s4700,2669
s4701,982
s4702,2670
s4706,2671
s4707,2672
s4708,194
s4709,1553
s4713,2673
s4714,2674
s4715,2675
s4716,2676
s4716,2677
s4716,2678
s4719,2679
s4720,2610
s4721,1459
s4721,2680
s4722,2548
s4723,1943
s4724,2681
s4725,2682
s4726,2610
s4727,1248
s4728,1708
s4729,1628
s4730,2683
s4731,675
s4732,939
s4733,2239
s4734,2684
s4735,1248
s4736,2685
s4737,1250
s4738,2610
s4740,2686
s4740,2687
s4741,2688
s4746,2689
s4747,2689
s4749,2690
s4750,2691
s4750,2692
s4752,2693
s4754,2694
s4756,1977
s4757,1997
s4758,1768
s4761,2695
s4766,1953
s4769,654
s4770,2425
s4770,2426
s4771,275
s4774,1916
s4775,1434
s4776,2696
s4780,2697
s4782,2691
s4782,2692
s4783,2698
s4784,2699
s4785,2700
s4786,2559
s4787,2701
s4788,2701
s4789,1588
s4790,2702
s4791,2703
s4792,543
s4792,2012
s4793,2612
s4794,2704
s4795,810
s4796,2519
s4797,2705
s4798,1602
s4800,2706
s4801,1448
s4802,2485
s4802,2707
s4803,2708
s4804,1685
s4806,2709
s4807,2710
s4809,2691
s4809,2692
s4811,2711
s4812,714
s4813,2712
s4815,1855
s4817,2713
s4818,2714
s4820,2715
s4823,2716
s4824,1555
s4824,2717
s4826,1442
s4826,1441
s4826,1088
s4826,147
s4827,2718
s4828,2719
s4828,2720
s4829,1601
s4830,2721
s4831,2722
s4834,2723
s4835,2724
s4836,2287
s4840,2725
s4841,2726
s4843,405
s4844,2727
s4848,2728
s4850,2691
s4850,2692
s4851,2729
s4852,1588
s4855,2464
s4856,779
s4859,2730
s4860,2731
s4861,1460
s4862,2732
s4864,1685
s4865,2733
s4865,2734
s4867,2691
s4867,2692
s4868,2735
s4868,2736
s4869,191
s4871,2737
s4872,2738
s4873,2739
s4874,2513
s4876,2740
s4877,2741
s4878,2742
s4878,2743
s4879,2744
s4881,2745
s4882,2746
s4883,2747
s4884,774
s4885,2748
s4886,2749
s4887,2750
s4888,2751
s4888,2752
s4889,2753
s4890,2754
s4891,1580
s4892,1099
s4894,2755
s4898,2756
s4898,2757
s4900,200
s4902,2758
s4903,2759
s4905,2760
s4906,2761
s4907,2762
s4908,2763
s4910,2764
s4912,180
s4913,2765
s4916,2766
s4917,2767
s4917,2768
s4918,2769
s4918,2770
s4918,2771
s4919,2772
s4920,2773
s4921,2774
s4922,486
s4923,2775
s4923,2776
s4924,2777
s4928,790
s4929,2778
s4930,2779
s4932,2780
s4933,2781
s4935,2782
s4936,2783
s4937,2784
s4938,2785
s4939,1663
s4940,2786
s4941,2691
s4941,2692
s4944,2787
s4945,2788
s4946,2789
s4948,2790
s4949,200
s4951,1663
s4953,2791
s4954,2792
s4955,2791
s4956,2793
s4957,2612
s4959,2794
s4960,2795
s4961,2796
s4963,2691
s4963,2692
s4964,2797
s4966,2661
s4967,2661
s4969,2798
s4970,1965
s4971,2223
s4972,2799
s4973,2800
s4975,2801
s4976,2802
s4978,2803
s4980,2804
s4982,2805
s4983,2806
s4984,2807
s4987,2808
s4988,2809
s4990,2810
s4991,2811
s4992,2812
s4994,2813
s4996,2814
s4997,1392
s4997,2815
s4999,471
s5000,2816
s5002,2691
s5002,2692
s5003,2691
s5003,2692
s5004,2817
s5007,2818
s5008,175
s5009,175
s5010,146
s5011,914
s5012,2819
s5013,2820
s5014,2821
s5015,675
s5016,1566
s5016,1567
s5016,1568
s5017,1566
s5017,1567
s5017,1568
s5018,1566
s5018,1567
s5018,1568
s5019,2661
s5020,2661
s5021,2822
s5022,175
s5023,2823
s5025,1588
s5026,1878
s5029,2824
s5032,2825
s5034,2826
s5035,2827
s5038,2828
s5040,543
s5041,2829
s5042,2830
s5042,2831
s5043,2832
s5044,2833
s5045,2834
s5046,1949
s5048,2835
s5050,1516
s5051,2836
s5052,2837
s5054,173
s5055,2838
s5056,2839
s5057,2840
s5059,2841
s5059,2842
s5060,2843
s5061,1516
s5063,2691
s5063,2692
s5065,2844
s5067,2691
s5067,2692
s5068,2845
s5069,2846
s5069,2847
s5072,1516
s5073,2848
s5074,2849
s5074,2850
s5075,2851
s5077,2691
s5077,2692
s5078,2425
s5078,2426
s5080,2852
s5080,2853
s5081,2854
s5082,2855
s5084,2856
s5085,2857
s5086,2858
s5087,1685
s5089,2859
s5092,3
s5093,1751
s5094,2860
s5095,2861
s5097,2862
s5101,2139
s5102,2863
s5103,2864
s5105,2865
s5107,1046
s5108,2866
s5109,2177
s5111,2867
s5112,2868
s5114,565
s5115,2869
s5116,2870
s5116,1099
s5117,2871
s5118,2781
s5122,372
s5123,2872
s5124,2873
s5125,2874
s5128,1588
s5130,1104
s5131,2853
s5132,2852
s5132,2853
s5133,2875
s5134,2876
s5135,2177
s5136,1248
s5137,2877
s5138,2878
s5138,2879
s5143,2880
s5144,2881
s5144,2882
s5145,2883
s5147,1518
s5149,2884
s5149,2885
s5152,2886
s5153,2887
s5154,2888
s5157,565
s5159,538
s5159,2889
s5161,2890
s5162,789
s5163,2891
s5164,740
s5165,795
s5168,1803
s5172,1588
s5173,2892
s5175,2893
s5177,2691
s5177,2692
s5178,2374
s5180,2894
s5182,2895
s5183,2896
s5184,1250
s5185,2897
s5187,2898
s5188,2899
s5189,2900
s5189,2337
s5190,2901
s5191,2902
s5197,2903
s5198,2904
s5199,2905
s5200,2513
s5202,2906
s5203,2907
s5204,274
s5205,2336
s5208,2051
s5210,2908
s5210,2909
s5212,2910
s5213,2911
s5214,2737
s5215,149
s5218,2912
s5219,2913
s5221,2914
s5223,2915
s5224,2916
s5225,2692
s5226,2917
s5227,375
s5228,1954
s5229,2918
s5230,2919
s5231,1685
s5234,2920
s5235,2921
s5236,2922
s5239,2923
s5240,2924
s5241,2157
s5242,2925
s5249,2926
s5250,2927
s5250,2928
s5253,3
s5254,2929
s5256,2930
s5257,2931
s5261,2932
s5262,2933
s5265,2934
s5266,2935
s5267,2936
s5268,2937
s5269,2938
s5270,1319
s5271,1807
s5272,2939
s5274,2816
s5276,714
s5277,471
s5278,2940
s5280,2941
s5280,2942
s5282,2943
s5283,2668
s5284,405
s5291,2854
s5293,2944
s5294,2944
s5295,2945
s5297,2854
s5301,2946
s5303,2947
s5304,2948
s5305,2853
s5307,2949
s5308,2950
s5308,2951
s5309,1161
s5309,1162
s5310,2852
s5310,2853
s5311,2409
s5311,2952
s5312,2953
s5313,2954
s5314,2955
s5315,2952
s5315,2409
s5316,1588
s5317,2956
s5318,2957
s5319,2958
s5320,1588
s5323,2959
s5323,2960
s5324,2961
s5326,2177
s5327,2177
s5329,541
s5330,2962
s5331,2963
s5332,482
s5333,2964
s5334,372
s5335,2568
s5336,2568
s5337,2568
s5338,2568
s5339,2568
s5340,2568
s5341,2965
s5342,2966
s5343,2691
s5343,2692
s5344,2967
s5345,2968
s5347,1400
s5352,2969
s5354,2970
s5358,2971
s5359,2972
s5360,275
s5362,2973
s5365,2974
s5368,2975
s5369,2976
s5370,2188
s5371,2977
s5372,2978
s5373,2979
s5374,2980
s5375,891
s5376,2981
s5377,1302
s5378,2982
s5379,2177
s5380,2177
s5382,2983
s5386,2984
s5388,2985
s5389,2986
s5390,275
s5392,2987
s5395,2988
s5397,2989
s5399,2990
s5401,2987
s5403,2991
s5409,2853
s5412,2992
s5416,368
s5417,2993
s5418,614
s5419,2994
s5420,2995
s5421,2680
s5424,2996
s5424,2997
s5425,2845
s5427,2998
s5428,2999
s5428,3000
s5429,3001
s5430,3002
s5431,3003
s5432,3004
s5433,3005
s5436,3006
s5441,3007
s5442,3008
s5443,2520
s5443,3009
s5444,1472
s5447,3010
s5448,2853
s5449,3011
s5450,3012
s5451,3004
s5452,3011
s5453,3013
s5454,3014
s5455,3015
s5456,3016
s5457,3017
s5461,3016
s5462,2987
s5463,2853
s5464,3018
s5467,3011
s5468,973
s5469,838
s5470,2610
s5472,3019
s5473,3020
s5474,2038
s5475,3021
s5476,2012
s5477,2426
s5479,3022
s5479,3023
s5481,1663
s5482,2854
s5483,3024
s5484,3025
s5485,3026
s5486,2854
s5487,3027
s5488,520
s5490,3028
s5490,3029
s5490,3030
s5491,3031
s5492,3032
s5493,3033
s5494,3034
s5496,2692
s5496,2691
s5497,3035
s5498,3036
s5499,3037
s5500,1706
s5501,3038
s5502,3039
s5503,1039
s5504,3011
s5505,3040
s5506,3041
s5507,3042
s5508,3043
s5508,3044
s5509,3045
s5512,92
s5513,3046
s5516,3047
s5517,3048
s5518,3049
s5518,3050
s5519,1588
s5522,3051
s5522,3052
s5522,2640
s5523,3053
s5525,3054
s5526,2177
s5527,1046
s5528,1046
s5529,1046
s5530,3055
s5531,49
s5532,3056
s5533,3057
s5534,3058
s5535,3059
s5536,1095
s5537,3060
s5537,3061
s5540,2189
s5541,3062
s5542,3063
s5544,3064
s5545,3065
s5546,3066
s5547,3067
s5548,3068
s5549,3069
s5550,3070
s5551,3071
s5552,3072
s5553,3073
s5555,3074
s5556,3075
s5557,3076
s5558,1855
s5560,1674
s5561,3077
s5562,3078
s5563,2139
s5565,3079
s5566,3080
s5569,3081
s5571,3082
s5572,3083
s5573,3084
s5574,3085
s5574,3086
s5575,3087
s5577,1855
s5578,3088
s5580,3089
s5582,595
s5583,2327
s5585,3090
s5587,1621
s5587,3091
s5588,672
s5589,3092
s5590,3093
s5591,3094
s5595,2515
s5596,2360
s5597,1218
s5598,3095
s5600,1446
s5601,3096
s5603,1788
s5603,3097
s5605,3098
s5606,3099
s5607,3100
s5608,3101
s5611,3102
s5613,3103
s5613,3104
s5614,2115
s5614,2245
s5615,2691
s5615,2692
s5616,3105
s5617,211
s5618,2791
s5619,2708
s5620,3106
s5621,3107
s5622,3108
s5623,1685
s5624,3109
s5625,3110
s5626,3111
s5627,3112
s5628,1588
s5629,3113
s5630,3114
s5631,3115
s5632,2019
s5633,3116
s5634,3117
s5635,3118
s5636,3119
s5637,3120
s5638,3121
s5639,3122
s5640,3123
s5642,3124
s5643,3125
s5644,3126
s5645,3127
s5646,3128
s5647,1949
s5648,3129
s5649,3130
s5649,923
s5650,1039
s5652,25
s5653,3131
s5657,3132
s5658,3133
s5658,3134
s5660,1849
s5661,791
s5662,3135
s5664,3136
s5665,3137
s5667,3138
s5675,3139
s5677,3140
s5679,2691
s5679,2692
s5680,2362
s5682,3141
s5683,3142
s5686,3143
s5688,2362
s5689,3144
s5690,3145
s5692,3146
s5694,3147
s5695,3148
s5696,3149
s5697,3150
s5698,3151
s5699,3152
s5702,3153
s5703,3154
s5705,3155
s5706,3156
s5707,3157
s5709,1224
s5710,3158
s5711,2652
s5712,2692
s5712,3159
s5713,1855
s5713,3160
s5714,2185
s5715,1607
s5718,3161
s5719,3162
s5720,619
s5722,3163
s5725,1588
s5726,1165
s5726,3164
s5727,3165
s5734,2908
s5734,2909
s5735,3166
s5736,3167
s5737,2513
s5738,3168
s5739,3169
s5740,3170
s5741,3171
s5743,3172
s5744,3173
s5746,2593
s5747,3174
s5748,2944
s5749,2446
s5750,2446
s5751,3175
s5755,2369
s5756,2526
s5757,3176
s5758,876
s5759,3177
s5761,3178
s5762,2394
s5765,3179
s5766,3180
s5768,3181
s5771,2135
s5773,2935
s5774,2617
s5775,3182
s5777,3183
s5779,3184
s5780,3185
s5780,3186
s5781,3187
s5783,3188
s5783,3189
s5784,1489
s5784,1490
s5785,2737
s5793,3190
s5794,789
s5795,3063
s5796,2124
s5797,2838
s5798,3191
s5809,1685
s5810,3192
s5811,3193
s5814,3063
s5816,3194
s5817,789
s5818,1685
s5819,2177
s5820,3195
s5821,3194
s5822,3196
s5825,3197
s5827,3198
s5829,3199
s5831,3200
s5832,473
s5833,3201
s5834,2652
s5835,43
s5836,1663
s5838,3202
s5838,3203
s5838,3204
s5838,3205
s5838,3206
s5838,3207
s5838,2652
s5838,3208
s5838,3209
s5838,3210
s5838,2290
s5840,2691
s5840,2692
s5841,3211
s5842,1407
s5843,543
s5843,2012
s5847,3058
s5848,1685
s5849,3102
s5850,3212
s5852,3213
s5852,3214
s5853,3
s5855,1851
s5858,3215
s5859,3216
s5860,1581
s5861,3217
s5861,3218
s5862,3219
s5865,3220
s5866,3128
s5869,1949
s5873,2691
s5873,2692
s5874,1407
s5875,1407
s5876,1685
s5877,3221
s5879,3222
s5880,3223
s5881,1565
s5881,1566
s5881,1567
s5881,1568
s5882,307
s5884,3224
s5885,1915
s5887,3225
s5888,319
s5888,3226
s5888,3227
s5888,3228
s5888,3229
s5888,3230
s5888,3231
s5888,3232
s5888,3233
s5888,3234
s5888,3235
s5888,3236
s5888,3237
s5889,2000
s5890,3238
s5891,3239
s5892,3240
s5893,3241
s5893,3242
s5894,3243
s5895,1685
s5897,2535
s5898,2999
s5898,3000
s5899,1431
s5900,1685
s5902,3244
s5902,3245
s5904,2867
s5905,3246
s5906,3247
s5907,1761
s5908,3248
s5910,305
s5911,3051
s5911,3052
s5912,1949
s5913,3249
s5914,2993
s5916,3250
s5917,3251
s5918,2166
s5922,1685
s5925,1949
s5926,2124
s5927,3252
s5927,927
s5928,3253
s5929,3141
s5930,3254
s5930,3255
s5931,3256
s5931,3257
s5932,65
s5932,66
s5933,3169
s5935,3258
s5936,2176
s5937,3259
s5938,3260
s5939,3261
s5939,3262
s5942,3263
s5943,3264
s5944,3265
s5945,3266
s5946,3267
s5947,3268
s5948,3269
s5949,3270
s5950,3271
s5951,3272
s5952,3273
s5953,3274
s5954,3275
s5954,3276
s5955,3277
s5956,3278
s5957,3279
s5958,3280
s5959,3281
s5960,23
s5961,3282
s5962,3283
s5963,865
s5964,1115
s5966,613
s5967,2312
s5969,3284
s5970,3285
s5971,3286
s5972,3287
s5972,3288
s5973,3289
s5974,3290
s5976,3291
s5977,647
s5978,3292
s5980,3293
s5981,3294
s5982,622
s5984,3295
s5986,3296
s5988,3297
s5989,3298
s5991,3299
s5992,3300
s5992,3301
s5993,3302
s5994,3303
s5995,3304
s5996,3305
s5997,2535
s5999,3306
s6000,3307
s6001,3308
s6001,3309
s6003,3310
s6004,3311
s6005,3312
s6006,3313
s6007,3314
s6008,77
s6009,3315
s6010,3316
s6011,3317
s6012,3318
s6013,3319
s6014,3320
s6015,3321
s6016,3322
s6017,2304
s6018,3323
s6019,131
s6020,3324
s6021,2582
s6022,3325
s6023,3326
s6024,3327
s6025,3328
s6026,3329
s6026,3330
s6028,3308
s6028,3309
s6029,3331
s6030,2166
s6031,3332
s6032,3333
s6033,3334
s6034,3335
s6035,3336
s6036,2538
s6037,3337
s6039,3338
s6040,482
s6041,3339
s6042,3340
s6043,3341
s6044,3342
s6046,1587
s6047,2335
s6048,3343
s6048,3344
s6050,2439
s6051,2645
s6052,3345
s6053,3346
s6054,1549
s6055,3347
s6056,3348
s6057,3349
s6058,1671
s6058,1672
s6059,3350
s6060,3351
s6061,3352
s6062,958
s6063,3353
s6064,1460
s6065,3354
s6066,876
s6069,3355
s6070,3356
s6071,652
s6072,3357
s6073,3358
s6074,939
s6075,77
s6076,3359
s6077,3286
s6079,2129
s6080,780
s6080,3360
s6081,3361
s6082,311
s6082,455
s6083,3362
s6084,3363
s6085,3364
s6086,3365
s6087,3366
s6087,3367
s6088,805
s6089,3368
s6091,3369
s6092,3370
s6093,3371
s6094,3372
s6096,3373
s6097,3374
s6098,1273
s6099,3375
s6100,3376
s6104,2657
s6105,2804
s6107,3377
s6108,1456
s6108,1457
s6110,3378
s6111,3379
s6111,654
s6112,894
s6113,3380
s6114,608
s6115,3381
s6116,3382
s6117,3383
s6117,3384
s6117,3385
s6118,3386
s6119,3387
s6120,3388
s6121,3324
s6122,3389
s6123,3390
s6124,3391
s6125,3392
s6126,3392
s6128,3393
s6129,3394
s6130,3395
s6131,3396
s6132,3397
s6134,3398
s6135,2469
s6136,3399
s6137,3400
s6139,3401
s6140,3402
s6141,3403
s6142,3404
s6143,3405
s6144,3406
s6145,3407
s6146,3408
s6148,424
s6149,3409
s6150,3410
s6151,3411
s6152,3383
s6153,3412
s6153,3413
s6154,3414
s6155,3414
s6156,1535
s6158,3415
s6159,3416
s6159,1643
s6160,3417
s6161,3418
s6163,3419
s6164,3420
s6165,131
s6166,3421
s6169,3422
s6170,3423
s6171,3424
s6172,761
s6173,3425
s6174,1712
s6176,3426
s6177,3427
s6179,3428
s6179,3429
s6180,3430
s6180,3431
s6181,2256
s6182,3432
s6182,3433
s6183,3434
s6184,3435
s6185,3436
s6186,3437
s6187,3438
s6188,844
s6189,3439
s6190,3440
s6191,3441
s6192,3442
s6193,3443
s6194,3444
s6196,3445
s6196,3446
s6197,3447
s6197,3448
s6198,3449
s6200,3450
s6201,3451
s6201,3452
s6202,3453
s6203,1443
s6204,3454
s6205,3455
s6206,3456
s6207,3457
s6208,3458
s6209,3459
s6210,3460
s6211,3461
s6212,1944
s6213,1944
s6215,3462
s6216,3463
s6218,3464
s6218,3465
s6219,3466
s6221,3413
s6222,3467
s6223,3467
s6224,3468
s6225,655
s6226,3469
s6227,3470
s6227,3471
s6228,3472
s6230,3473
s6231,3474
s6232,3475
s6233,3476
s6234,3477
s6235,1471
s6236,3478
s6237,3479
s6238,2925
s6239,3480
s6239,3481
s6240,3482
s6241,3483
s6242,1319
s6243,3483
s6244,1319
s6244,3483
s6244,3481
s6245,3484
s6246,3485
s6247,1157
s6248,113
s6249,1478
s6252,3486
s6255,3487
s6256,3488
s6257,3489
s6258,3490
s6260,3491
s6260,3492
s6261,3493
s6267,3494
s6268,3495
s6269,3496
s6269,3497
s6270,3435
s6271,3498
s6272,3353
s6273,3257
s6274,3499
s6275,3500
s6278,3501
s6279,3502
s6281,3503
s6283,3504
s6284,3505
s6285,3505
s6286,649
s6288,3506
s6289,3507
s6290,3508
s6291,1349
s6293,3509
s6294,3510
s6297,200
s6298,282
s6299,200
s6300,268
s6301,3511
s6303,3512
s6304,21
s6306,1252
s6307,3513
s6308,3514
s6309,1911
s6310,3515
s6311,1855
s6312,3516
s6313,3517
s6313,3518
s6314,3519
s6315,3520
s6315,3521
s6315,3522
s6315,3523
s6316,3524
s6317,3525
s6318,3526
s6320,3527
s6321,3528
s6322,3529
s6323,86
s6325,2861
s6326,1109
s6327,3530
s6328,2048
s6329,3531
s6330,3532
s6331,3533
s6332,3534
s6333,3535
s6334,3536
s6335,3537
s6337,3538
s6338,3539
s6339,3540
s6340,3541
s6341,3542
s6343,2636
s6344,506
s6345,3543
s6346,850
s6347,3544
s6349,3545
s6350,3546
s6351,3547
s6352,3548
s6352,3549
s6353,3550
s6354,3551
s6354,3552
s6355,3231
s6355,3553
s6356,3554
s6357,3555
s6359,3556
s6360,3557
s6363,3558
s6363,3559
s6364,3560
s6366,3561
s6367,3562
s6368,3563
s6370,3564
s6371,608
s6372,3565
s6373,3566
s6375,2357
s6376,3567
s6377,3568
s6378,3569
s6380,37
s6381,3570
s6383,3571
s6384,3571
s6385,3571
s6387,3572
s6388,3573
s6389,3574
s6391,3575
s6392,3576
s6393,3577
s6395,3578
s6395,3579
s6396,3580
s6397,3581
s6398,3582
s6400,722
s6401,3583
s6403,3584
s6404,2548
s6406,1782
s6407,1782
s6409,3585
s6410,3586
s6411,3587
s6413,3588
s6415,3589
s6415,3590
s6416,3591
s6418,3592
s6419,3593
s6420,3594
s6422,3595
s6423,3596
s6424,3597
s6425,1739
s6425,1740
s6426,3598
s6428,96
s6429,3599
s6430,3599
s6432,3600
s6433,724
s6434,1015
s6435,3601
s6435,3602
s6436,3603
s6437,3604
s6438,3605
s6439,3606
s6440,3607
s6441,146
s6442,3608
s6443,3609
s6444,3610
s6445,3611
s6446,3612
s6447,112
s6448,375
s6449,3613
s6449,3614
s6450,146
s6451,633
s6453,3599
s6453,3615
s6454,3616
s6455,3617
s6459,477
s6462,281
s6462,3618
s6463,3618
s6463,285
s6464,285
s6464,3618
s6465,282
s6465,283
s6466,3619
s6467,3620
s6468,1351
s6469,3621
s6471,3622
s6472,3254
s6473,3623
s6474,3624
s6475,3625
s6476,3626
s6477,3627
s6479,3628
s6480,3629
s6481,235
s6482,3630
s6483,2955
s6485,3631
s6486,3487
s6487,455
s6489,1921
s6489,3632
s6490,3633
s6492,3634
s6493,3635
s6494,3636
s6495,3637
s6497,3638
s6498,3223
s6500,3639
s6501,3640
s6502,3641
s6502,3642
s6502,3643
s6503,1502
s6504,3644
s6511,3645
s6512,506
s6513,3646
s6516,3647
s6517,3648
s6518,3016
s6519,3649
s6522,1958
s6523,268
s6524,3650
s6526,3651
s6526,1973
s6527,1239
s6528,3652
s6529,3653
s6530,647
s6531,268
s6532,3654
s6534,3655
s6535,1901
s6536,3656
s6537,3657
s6538,3658
s6540,3659
s6540,3660
s6541,910
s6542,3661
s6544,3662
s6545,3663
s6546,3664
s6547,3665
s6548,2295
s6549,3666
s6551,3667
s6552,3668
s6553,3669
s6554,3670
s6555,3671
s6556,3672
s6558,2724
s6559,3673
s6562,3674
s6563,160
s6565,3675
s6566,3676
s6567,83
s6568,3677
s6570,3678
s6571,3679
s6574,3680
s6575,3681
s6575,3682
s6576,1954
s6576,3683
s6577,3684
s6578,3685
s6579,3686
s6580,2178
s6581,3687
s6582,3361
s6583,3688
s6584,3689
s6585,3690
s6586,3691
s6589,1250
s6590,3692
s6590,3693
s6591,3694
s6592,3695
s6593,3696
s6594,3539
s6595,3697
s6596,3698
s6597,3699
s6598,3700
s6599,3701
s6600,3702
s6601,3703
s6603,3464
s6603,3465
s6605,1202
s6606,3704
s6607,3705
s6609,3706
s6610,3391
s6611,3024
s6613,374
s6615,3707
s6616,3708
s6617,3709
s6618,87
s6620,3710
s6621,3711
s6622,3712
s6623,3713
s6624,3597
s6625,3714
s6625,3715
s6625,3716
s6625,3717
s6625,3718
s6625,3719
s6625,3720
s6625,3721
s6625,3722
s6625,3723
s6626,825
s6627,3724
s6628,3369
s6629,3369
s6630,3369
s6631,3725
s6632,3726
s6633,3091
s6634,2671
s6635,515
s6637,3599
s6638,3727
s6639,3728
s6640,3729
s6641,3730
s6641,3731
s6642,3732
s6643,3733
s6644,3734
s6645,3735
s6646,282
s6648,3736
s6649,3737
s6650,3738
s6654,3739
s6655,3740
s6656,789
s6657,3741
s6658,3742
s6662,3743
s6663,3744
s6665,1028
s6666,3745
s6667,3746
s6668,3747
s6669,3464
s6669,3465
s6670,2466
s6671,3748
s6676,1153
s6678,1895
s6680,3749
s6681,3750
s6682,3751
s6683,3752
s6684,3753
s6684,3754
s6685,3754
s6685,3753
s6686,3755
s6687,3756
s6688,3757
s6689,3758
s6690,3759
s6692,1170
s6693,3760
s6695,3761
s6697,565
s6699,3762
s6700,3763
s6701,3764
s6702,3765
s6703,173
s6704,3766
s6705,3767
s6706,214
s6707,3768
s6709,3769
s6711,130
s6712,389
s6713,3770
s6714,3349
s6716,390
s6717,3771
s6719,3772
s6720,3773
s6721,3774
s6721,3775
s6721,3776
s6721,3777
s6722,3778
s6723,515
s6724,3779
s6726,649
s6727,649
s6728,649
s6730,3780
s6731,3781
s6734,2220
s6735,3563
s6736,3636
s6737,3782
s6737,3783
s6738,355
s6739,3784
s6740,3785
s6741,3786
s6743,3787
s6744,2433
s6746,121
s6747,3788
s6748,3789
s6749,3790
s6750,3791
s6752,3792
s6753,722
s6754,3793
s6755,3794
s6756,3793
s6757,3795
s6758,3796
s6759,3797
s6760,94
s6761,3798
s6762,3799
s6763,3800
s6765,3801
s6766,3802
s6768,3803
s6769,1349
s6770,3354
s6772,3804
s6772,3805
s6773,3806
s6776,3807
s6777,1871
s6778,3808
s6778,3809
s6779,3810
s6780,3811
s6781,3812
s6782,3505
s6784,3813
s6784,3814
s6785,3815
s6787,858
s6788,3816
s6790,3817
s6791,3818
s6793,2671
s6794,3636
s6795,1954
s6797,3819
s6798,1484
s6799,91
s6800,3820
s6801,1538
s6802,3821
s6802,3822
s6803,3823
s6805,3824
s6806,3825
s6808,289
s6809,1059
s6810,3826
s6811,1216
s6814,629
s6815,3040
s6816,3827
s6817,3828
s6818,3829
s6819,3830
s6820,3831
s6822,3832
s6824,456
s6827,894
s6829,397
s6830,3833
s6831,3834
s6832,3835
s6833,3836
s6838,3837
s6839,3838
s6840,3839
s6841,3700
s6843,131
s6844,3840
s6845,1157
s6846,3841
s6847,3842
s6847,39
s6848,1314
s6849,3842
s6851,3842
s6852,3843
s6853,3758
s6854,3844
s6854,3845
s6855,3846
s6856,2322
s6857,3847
s6859,3848
s6860,3849
s6860,3850
s6861,3851
s6862,3848
s6863,3852
s6864,3853
s6865,3487
s6866,3854
s6867,96
s6868,3855
s6870,3856
s6871,211
s6873,3857
s6874,3858
s6875,3859
s6876,2740
s6877,3860
s6878,3861
s6879,989
s6880,3862
s6881,894
s6882,3863
s6883,1695
s6884,2834
s6885,3864
s6887,3865
s6888,3866
s6889,248
s6892,1202
s6893,3867
s6894,125
s6897,2636
s6898,1310
s6899,3868
s6900,3869
s6901,3870
s6903,3871
s6904,3485
s6905,1641
s6906,1641
s6909,3872
s6910,3353
s6911,751
s6911,3873
s6911,3874
s6911,3875
s6911,3876
s6911,3877
s6911,3878
s6911,3879
s6911,3880
s6911,3881
s6911,3882
s6911,3883
s6912,3884
s6913,3885
s6914,3886
s6915,3887
s6916,3888
s6917,473
s6919,3889
s6921,3890
s6921,3891
s6922,3892
s6925,3893
s6925,3894
s6926,3895
s6928,3896
s6928,3897
s6929,3898
s6930,3899
s6932,1911
s6933,3900
s6934,3901
s6935,3902
s6935,3903
s6937,146
s6939,3904
s6940,3905
s6941,3906
s6943,3907
s6944,2064
s6945,1307
s6946,3908
s6947,3909
s6948,3910
s6949,3911
s6950,3912
s6951,1164
s6953,3913
s6955,3914
s6955,3915
s6957,2529
s6958,686
s6959,2194
s6960,3916
s6961,1714
s6962,3188
s6963,2181
s6965,3917
s6967,3918
s6968,3919
s6969,3920
s6973,3921
s6974,3922
s6976,3923
s6978,520
s6979,2868
s6980,3924
s6981,3925
s6983,3872
s6983,1473
s6984,3926
s6985,3927
s6985,3928
s6985,3929
s6985,3930
s6985,633
s6985,2956
s6985,22
s6985,3931
s6985,3932
s6986,3933
s6987,3934
s6988,3934
s6989,3935
s6990,3936
s6991,3937
s6992,3937
s6993,3938
s6994,3939
s6995,3321
s6996,3940
s6998,587
s7000,3941
s7001,3942
s7002,3749
s7003,3943
s7004,3944
s7005,3945
s7006,2245
s7008,3946
s7009,3947
s7010,3948
s7011,3949
s7012,3950
s7013,3951
s7014,689
s7015,3952
s7016,3953
s7017,472
s7019,3954
s7020,3955
s7021,3956
s7022,1192
s7022,3957
s7023,1488
s7024,3958
s7026,3959
s7027,2343
s7028,3960
s7031,3961
s7032,3961
s7033,2048
s7035,3962
s7036,2653
s7037,3963
s7037,3964
s7038,3965
s7039,3966
s7041,3967
s7042,3968
s7043,1185
s7044,3969
s7045,3970
s7046,3971
s7047,3444
s7048,3972
s7049,1335
s7050,3973
s7052,3974
s7053,3975
s7054,3976
s7056,3977
s7057,2177
s7058,3978
s7059,3979
s7061,3980
s7062,638
s7063,3981
s7064,3982
s7065,3983
s7066,3984
s7067,3985
s7068,3986
s7069,3987
s7071,30
s7072,30
s7073,30
s7074,30
s7075,3988
s7076,2891
s7077,3989
s7078,274
s7079,3990
s7080,3991
s7085,3992
s7087,3993
s7088,3994
s7089,38
s7090,38
s7091,38
s7092,248
s7093,3995
s7094,3996
s7095,77
s7096,3997
s7097,3998
s7098,3999
s7100,4000
s7103,4001
s7104,520
s7105,3416
s7106,1887
s7107,3318
s7108,4002
s7109,4003
s7110,1628
s7111,4004
s7111,4005
s7112,4006
s7112,4007
s7113,4008
s7114,274
s7115,4009
s7116,2548
s7118,1029
s7119,2519
s7120,4010
s7122,633
s7123,3946
s7125,2157
s7127,248
s7128,4011
s7129,4012
s7131,4013
s7133,4014
s7134,4015
s7135,4016
s7136,4017
s7137,4018
s7138,665
s7140,4019
s7141,4020
s7142,4021
s7145,146
s7146,1960
s7147,4022
s7148,4023
s7150,4024
s7151,4025
s7152,3642
s7152,3641
s7153,627
s7154,2491
s7155,1673
s7157,4026
s7159,4027
s7160,4028
s7161,4029
s7162,4030
s7163,4031
s7164,4032
s7165,3235
s7165,4033
s7165,4034
s7165,4035
s7165,4036
s7165,4037
s7165,4038
s7165,4039
s7165,4040
s7165,4041
s7166,4042
s7167,4043
s7168,4044
s7170,3885
s7171,221
s7172,4045
s7173,4046
s7174,4047
s7175,3358
s7176,3692
s7177,3692
s7179,1095
s7179,4048
s7180,1095
s7180,4048
s7181,1855
s7182,4049
s7184,4050
s7187,147
s7189,3487
s7190,4051
s7190,4052
s7191,4053
s7192,783
s7193,4054
s7194,1954
s7195,1108
s7196,3533
s7198,274
s7199,274
s7200,4055
s7201,4056
s7202,4057
s7203,438
s7204,1084
s7205,23
s7206,4058
s7207,4059
s7208,4060
s7209,4061
s7210,4062
s7211,119
s7211,118
s7212,4063
s7213,1456
s7213,1457
s7214,916
s7217,4064
s7219,2000
s7220,4065
s7220,4066
s7221,4067
s7222,4068
s7224,4069
s7224,4070
s7225,4071
s7226,4072
s7228,4073
s7228,4074
s7229,4073
s7229,4074
s7230,4074
s7231,4074
s7232,4074
s7234,4073
s7234,4074
s7235,1951
s7237,4075
s7238,4076
s7239,4077
s7240,4078
s7241,4079
s7242,557
s7243,4080
s7244,4081
s7245,3515
s7247,4082
s7248,3024
s7249,4083
s7250,4084
s7251,4085
s7251,4086
s7252,2959
s7252,2960
s7253,703
s7254,4087
s7259,4088
s7260,4089
s7261,4090
s7262,4091
s7263,1689
s7266,1288
s7268,4092
s7270,4093
s7271,4094
s7272,4095
s7273,4096
s7273,950
s7274,4097
s7275,4098
s7276,4099
s7277,4100
s7278,4100
s7279,4100
s7281,4101
s7282,4102
s7283,559
s7284,4103
s7285,3707
s7287,22
s7289,3480
s7289,4104
s7290,4105
s7290,4106
s7293,4107
s7294,4108
s7294,4109
s7294,4110
s7295,4111
s7296,4112
s7297,4113
s7299,1832
s7300,3901
s7303,4114
s7304,2491
s7305,4115
s7306,4116
s7307,2848
s7309,30
s7310,4117
s7311,4118
s7312,4119
s7314,4120
s7315,4121
s7316,4122
s7317,181
s7318,51
s7320,51
s7321,4123
s7323,4124
s7324,3169
s7327,4125
s7328,4126
s7329,4127
s7329,4128
s7330,4129
s7330,4130
s7331,4131
s7333,3333
s7334,4132
s7335,4133
s7335,4134
s7336,4135
s7337,4136
s7338,2364
s7340,4137
s7341,2002
s7342,4138
s7345,4139
s7346,111
s7347,4140
s7348,4078
s7351,4141
s7352,4142
s7353,4143
s7355,4144
s7356,4145
s7357,4146
s7358,2491
s7359,4147
s7361,4148
s7361,4149
s7362,4150
s7363,4151
s7364,4152
s7365,3203
s7366,4153
s7367,4154
s7368,4155
s7370,4156
s7370,1334
s7371,4157
s7372,4158
s7373,1446
s7374,4159
s7375,4160
s7376,3001
s7378,4161
s7379,3369
s7380,4162
s7381,4163
s7385,4164
s7387,146
s7388,1488
s7389,4165
s7390,4166
s7391,4167
s7392,4168
s7394,1093
s7395,4169
s7396,244
s7397,4170
s7398,4171
s7399,4172
s7400,3994
s7401,4173
s7402,1515
s7403,4174
s7404,94
s7406,4175
s7408,4176
s7410,4177
s7411,3707
s7412,4178
s7413,4179
s7414,4180
s7415,4181
s7416,3999
s7416,4182
s7417,1560
s7418,386
s7420,4183
s7421,4184
s7422,4185
s7423,4186
s7423,4187
s7424,4188
s7425,4189
s7426,4190
s7426,4191
s7427,4192
s7427,4193
s7428,4194
s7429,3976
s7430,4195
s7431,4196
s7432,894
s7433,4197
s7434,4198
s7435,4199
s7435,4200
s7438,4201
s7440,4202
s7441,4203
s7442,4204
s7442,4205
s7443,4206
s7444,4206
s7445,4207
s7446,2578
s7449,1413
s7451,4208
s7452,4209
s7453,3667
s7455,1096
s7457,4210
s7459,4211
s7461,4212
s7462,2147
s7463,2239
s7465,4213
s7466,4214
s7467,4215
s7468,4216
s7470,4217
s7471,4218
s7472,4219
s7473,4220
s7474,4221
s7475,4222
s7475,4223
s7476,4224
s7477,4225
s7478,4226
s7479,1115
s7480,1189
s7482,2671
s7483,4227
s7485,4228
s7487,2513
s7488,4229
s7489,4230
s7490,4231
s7491,3482
s7492,532
s7492,836
s7493,3482
s7493,4232
s7494,4233
s7495,4234
s7495,4235
s7496,3482
s7497,4236
s7497,4231
s7498,3482
s7499,4237
s7499,3482
s7500,4238
s7500,4182
s7501,4233
s7501,836
s7501,4238
s7502,4233
s7502,4231
s7504,23
s7505,4239
s7507,2824
s7508,4240
s7509,4241
s7510,4242
s7511,4243
s7512,4244
s7513,4245
s7514,618
s7515,4246
s7516,119
s7516,4247
s7516,3667
s7516,2906
s7516,181
s7516,4248
s7516,4249
s7516,4250
s7516,4251
s7516,4228
s7516,2583
s7516,4252
s7517,1474
s7518,181
s7519,4253
s7520,4254
s7521,4255
s7523,1539
s7524,1096
s7525,146
s7526,4256
s7526,4257
s7527,4258
s7528,2636
s7531,4259
s7531,4260
s7532,4261
s7533,2653
s7534,4262
s7535,3416
s7536,4263
s7537,4264
s7538,4265
s7540,4266
s7542,2617
s7542,4267
s7543,4267
s7543,2617
s7544,2322
s7545,4268
s7545,3599
s7546,431
s7547,4269
s7549,4270
s7550,4271
s7551,4272
s7553,4273
s7554,825
s7555,4274
s7555,4275
s7556,4276
s7557,4277
s7557,4278
s7558,1714
s7559,4279
s7560,39
s7561,4280
s7562,4281
s7563,4282
s7564,3736
s7565,4283
s7566,1288
s7567,4284
s7567,4285
s7568,4286
s7576,4287
s7578,843
s7579,4288
s7580,1632
s7581,2637
s7582,3391
s7583,4289
s7584,4290
s7585,4291
s7586,2395
s7588,1001
s7591,1250
s7592,3375
s7593,3920
s7595,4292
s7596,4293
s7597,4294
s7597,4293
s7599,4295
s7599,4296
s7601,4297
s7602,4298
s7603,4299
s7604,4300
s7605,4301
s7606,4302
s7607,4298
s7608,4303
s7609,4304
s7610,4305
s7610,4306
s7612,4307
s7613,4307
s7614,4308
s7615,4309
s7616,4310
s7617,4311
s7618,4312
s7618,4313
s7619,4314
s7620,4315
s7621,4316
s7622,4317
s7623,4318
s7626,4319
s7626,4320
s7627,4321
s7631,4322
s7632,4322
s7634,4323
s7635,2058
s7636,4324
s7636,4325
s7637,4326
s7638,4259
s7639,2064
s7640,2064
s7642,4327
s7643,4328
s7644,4329
s7645,4329
s7646,4329
s7648,3401
s7649,799
s7651,3699
s7652,4330
s7653,4331
s7654,4332
s7655,2448
s7656,4333
s7657,4333
s7658,2448
s7659,4334
s7660,115
s7661,4335
s7662,4336
s7664,4337
s7665,4338
s7666,4339
s7668,4340
s7669,4341
s7669,4342
s7670,3235
s7670,4343
s7671,4344
s7673,2179
s7674,932
s7677,2179
s7678,4345
s7679,4346
s7680,4347
s7681,4348
s7682,4349
s7683,4350
s7684,4351
s7684,4352
s7685,3927
s7687,4353
s7687,4354
s7688,4355
s7689,3024
s7691,95
s7692,4356
s7693,4357
s7695,4358
s7696,2848
s7697,4359
s7698,4360
s7700,973
s7701,1400
s7702,409
s7703,4361
s7704,4362
s7705,4363
s7707,4050
s7708,4364
s7709,4365
s7712,4366
s7713,2554
s7714,3544
s7715,88
s7716,656
s7717,3667
s7718,4367
s7720,4368
s7721,4335
s7723,4369
s7723,4370
s7724,4371
s7725,4372
s7727,4373
s7728,4374
s7729,4375
s7731,1502
s7732,4376
s7733,3744
s7734,4377
s7735,4378
s7735,4379
s7736,3176
s7737,1858
s7737,2427
s7738,4335
s7738,4380
s7738,4381
s7738,4382
s7738,4383
s7739,1115
s7740,4384
s7741,4385
s7741,4386
s7742,1215
s7743,3520
s7744,4387
s7744,4388
s7744,4389
s7744,4390
s7745,1288
s7746,2955
s7746,4391
s7747,4392
s7749,1216
s7750,1192
s7751,1361
s7752,799
s7753,3580
s7753,33
s7754,4393
s7755,4394
s7756,3864
s7758,4395
s7759,4396
s7779,4397
s7779,4398
s7789,4399
s7790,4400
s7791,4065
s7792,1286
s7793,3342
s7793,4401
s7793,4402
s7794,3636
s7795,3599
s7796,4403
s7797,4404
s7798,1215
s7800,850
s7802,1157
s7803,274
s7804,4405
s7805,4406
s7806,1458
s7808,4407
s7810,3630
s7812,3169
s7815,4408
s7817,2773
s7818,3176
s7819,4409
s7820,4410
s7821,894
s7822,4411
s7823,4412
s7823,4413
s7824,4414
s7825,3508
s7826,4415
s7827,4416
s7827,4417
s7828,3547
s7830,4418
s7831,4419
s7832,4420
s7833,4421
s7834,4422
s7835,4336
s7837,4423
s7838,1250
s7840,4424
s7842,4425
s7844,4426
s7845,4427
s7846,4428
s7847,4429
s7849,4430
s7849,4431
s7850,3699
s7852,4432
s7853,4433
s7854,3625
s7855,4434
s7856,4372
s7858,389
s7859,4435
s7860,4436
s7860,4437
s7861,3707
s7862,4438
s7864,2487
s7864,4439
s7865,4440
s7865,4441
s7866,3399
s7867,4442
s7869,4443
s7870,1292
s7872,4444
s7872,4445
s7874,1618
s7875,4446
s7876,1495
s7877,4447
s7878,4448
s7880,410
s7881,4449
s7882,4449
s7883,4449
s7884,410
s7885,1851
s7886,1538
s7887,4450
s7888,4451
s7889,1968
s7890,4452
s7891,4453
s7892,4454
s7892,4440
s7894,4455
s7895,4456
s7896,4457
s7897,4458
s7899,4459
s7900,4092
s7901,4080
s7902,519
s7903,4460
s7904,256
s7905,4461
s7906,3563
s7908,2513
s7910,3177
s7911,4462
s7912,4463
s7913,2339
s7914,4464
s7915,3795
s7916,4465
s7917,4466
s7918,4467
s7919,4468
s7920,4469
s7920,3331
s7921,308
s7922,3203
s7923,3785
s7924,4470
s7925,4471
s7926,4472
s7927,4473
s7928,1651
s7929,4474
s7929,4475
s7930,1712
s7931,4111
s7932,4476
s7933,3547
s7934,4477
s7935,4161
s7936,83
s7937,2608
s7938,2608
s7939,3520
s7940,4478
s7941,4479
s7942,4480
s7944,2186
s7945,4481
s7946,4482
s7947,1334
s7948,289
s7950,2314
s7951,4483
s7952,405
s7953,4484
s7955,4485
s7956,4486
s7957,132
s7958,30
s7959,92
s7960,4487
s7960,4488
s7960,4489
s7961,4490
s7962,4491
s7963,4491
s7964,4054
s7965,4492
s7966,4493
s7967,533
s7968,4494
s7970,4495
s7971,4496
s7972,4497
s7973,4498
s7974,4496
s7975,4499
s7976,4497
s7977,4498
s7978,4499
s7979,4499
s7979,4500
s7980,4501
s7981,647
s7982,3410
s7984,4502
s7986,469
s7987,4503
s7988,4503
s7989,738
s7990,3059
s7991,4504
s7993,4186
s7995,4505
s7996,147
s7997,4506
s7998,2276
s7999,3794
s8000,4507
s8002,418
s8002,419
s8004,4125
s8005,268
s8006,4508
s8007,4509
s8007,4510
s8008,4510
s8009,4511
s8009,4512
s8010,4513
s8011,564
s8012,4514
s8013,4515
s8014,4335
s8014,4382
s8015,4516
s8015,4517
s8017,4518
s8018,3917
s8019,4519
s8020,4520
s8024,4521
s8025,2514
s8026,4522
s8027,4523
s8028,4524
s8029,4525
s8030,4526
s8033,89
s8034,748
s8035,4527
s8036,4528
s8036,4529
s8037,4530
s8038,4531
s8039,4532
s8040,88
s8042,4533
s8043,3278
s8044,2454
s8046,4534
s8047,4535
s8048,1248
s8049,4536
s8050,754
s8051,2477
s8052,689
s8053,689
s8054,2111
s8055,4537
s8056,4538
s8057,4539
s8058,4540
s8060,608
s8061,4541
s8061,4542
s8062,472
s8062,4543
s8064,4544
s8066,4545
s8067,4546
s8068,4547
s8069,4548
s8069,4549
s8069,4550
s8070,4219
s8070,4551
s8072,4552
s8073,4553
s8074,4554
s8075,564
s8076,564
s8077,564
s8078,2318
s8079,918
s8080,4555
s8081,4556
s8082,4557
s8083,3568
s8085,2529
s8087,4558
s8087,4559
s8088,406
s8089,1539
s8090,4560
s8091,4561
s8091,4562
s8092,4563
s8092,4564
s8092,4565
s8092,4329
s8093,4566
s8096,156
s8097,4567
s8099,4568
s8100,4569
s8101,4570
s8102,3630
s8104,4571
s8105,4572
s8105,4573
s8106,390
s8107,4574
s8109,4575
s8111,404
s8112,4576
s8113,4577
s8114,4578
s8115,4579
s8116,4580
s8117,4581
s8119,4582
s8120,4583
s8121,4584
s8123,669
s8124,4585
s8125,1202
s8127,4586
s8128,4587
s8129,4588
s8131,4589
s8132,722
s8134,4590
s8135,4591
s8135,4592
s8136,4593
s8137,4415
s8139,112
s8140,4594
s8141,4595
s8141,4596
s8142,4597
s8143,3802
s8145,4050
s8146,3083
s8147,1695
s8150,4598
s8151,4599
s8152,319
s8152,4600
s8153,4601
s8154,1538
s8155,4602
s8156,4603
s8157,2293
s8158,4604
s8159,339
s8160,4605
s8161,4606
s8162,2791
s8163,4607
s8164,4608
s8165,4609
s8165,4610
s8165,4611
s8165,4612
s8165,4613
s8167,3960
s8168,375
s8169,4614
s8169,4615
s8170,4616
s8171,4617
s8172,200
s8173,4618
s8177,1840
s8177,1841
s8178,4619
s8178,4620
s8179,4621
s8180,4622
s8182,4623
s8184,564
s8185,30
s8186,4624
s8187,4625
s8188,519
s8189,4626
s8191,4627
s8191,4628
s8192,4629
s8192,4630
s8193,1538
s8195,2226
s8196,4631
s8197,4632
s8198,412
s8199,4633
s8201,4634
s8202,4635
s8203,4636
s8203,4637
s8204,2491
s8205,4638
s8205,4639
s8206,4640
s8208,1129
s8211,4641
s8212,4642
s8213,3168
s8214,4643
s8215,1216
s8216,4644
s8216,4645
s8216,4646
s8218,4647
s8218,4648
s8219,4649
s8220,520
s8221,4650
s8222,4651
s8223,4652
s8224,4653
s8225,4654
s8226,4655
s8227,761
s8228,1115
s8229,2433
s8230,519
s8231,4423
s8233,4656
s8234,4657
s8234,4658
s8235,4659
s8236,4660
s8237,3625
s8238,4661
s8239,4662
s8240,4663
s8241,4664
s8242,1115
s8243,4665
s8245,4666
s8246,4667
s8247,586
s8248,4668
s8249,4669
s8250,3788
s8252,642
s8253,2032
s8254,4670
s8255,4671
s8256,1651
s8257,4672
s8259,4673
s8259,4674
s8260,4067
s8261,4675
s8262,4653
s8264,4676
s8264,4677
s8265,4678
s8266,397
s8267,4679
s8267,107
s8268,4680
s8270,901
s8271,4681
s8271,4682
s8273,894
s8274,4683
s8274,4684
s8275,4685
s8276,4686
s8277,4651
s8279,4687
s8279,4688
s8280,3121
s8281,3758
s8282,4689
s8284,4690
s8285,4458
s8286,4691
s8287,4692
s8289,4693
s8290,690
s8290,691
s8291,4547
s8292,4694
s8293,1137
s8294,4695
s8295,2775
s8296,4696
s8297,460
s8298,1115
s8299,3794
s8300,4697
s8300,4698
s8301,4699
s8302,4700
s8303,3948
s8304,3802
s8305,227
s8306,227
s8307,4701
s8308,404
s8309,4702
s8310,96
s8311,4703
s8313,2314
s8314,3325
s8315,4704
s8318,3436
s8319,4705
s8320,4706
s8321,409
s8323,4707
s8323,4708
s8324,4709
s8325,4710
s8326,2019
s8327,4179
s8328,4179
s8329,4179
s8330,4179
s8333,2914
s8334,4457
s8336,4711
s8338,4712
s8339,4713
s8340,4714
s8341,4715
s8342,797
s8343,4716
s8344,2400
s8345,4717
s8345,4718
s8345,4719
s8345,4720
s8345,4721
s8345,4722
s8345,4723
s8345,4724
s8346,2256
s8347,3934
s8349,4725
s8351,4726
s8352,4727
s8353,84
s8355,3732
s8356,2157
s8357,2433
s8359,4728
s8360,4729
s8360,4730
s8360,4731
s8361,3986
s8362,4679
s8363,2064
s8364,4732
s8364,4733
s8365,4732
s8365,4734
s8366,3102
s8366,4735
s8368,3292
s8370,4736
s8371,4737
s8371,4738
s8373,4739
s8375,3758
s8376,4740
s8378,1354
s8381,4741
s8382,4742
s8383,4743
s8384,4744
s8385,3298
s8386,960
s8387,4699
s8388,4745
s8389,4746
s8389,1430
s8390,4747
s8391,121
s8392,3427
s8394,1832
s8395,4748
s8395,4749
s8396,381
s8397,416
s8399,1694
s8400,4750
s8401,4751
s8402,4752
s8403,4753
s8404,4754
s8405,626
s8406,626
s8407,4755
s8408,4756
s8408,4757
s8409,4758
s8410,4759
s8411,4760
s8413,4761
s8413,4762
s8414,96
s8415,3641
s8415,3642
s8416,3641
s8416,3642
s8417,3641
s8417,3642
s8418,3692
s8418,4763
s8418,4764
s8419,4765
s8420,4766
s8421,4767
s8426,4768
s8427,414
s8428,4769
s8431,4258
s8433,4770
s8434,113
s8435,113
s8436,343
s8437,4771
s8439,4772
s8441,4773
s8441,4774
s8442,84
s8442,4775
s8444,3076
s8445,2322
s8446,406
s8447,4776
s8448,4777
s8449,4778
s8450,4779
s8451,4780
s8452,4781
s8453,4782
s8454,3748
s8455,1252
s8456,4783
s8457,4784
s8458,4785
s8458,4786
s8459,3543
s8460,4787
s8461,1587
s8462,229
s8463,2120
s8463,4788
s8464,4789
s8465,4790
s8466,4791
s8467,4792
s8467,4793
s8468,4794
s8469,4795
s8470,400
s8471,4796
s8471,4797
s8473,3758
s8474,4798
s8476,4799
s8478,4800
s8479,4801
s8480,3826
s8480,4802
s8480,4803
s8481,4804
s8482,1537
s8484,4805
s8485,4806
s8486,4807
s8487,977
s8488,4808
s8489,4809
s8490,4810
s8492,995
s8493,4811
s8494,2038
s8495,4812
s8496,4813
s8497,4814
s8498,1344
s8499,4679
s8500,4210
s8501,4815
s8502,1432
s8503,932
s8505,1977
s8506,4816
s8507,4485
s8508,4817
s8508,4818
s8509,4728
s8510,4819
s8512,409
s8513,465
s8514,4693
s8515,4820
s8516,227
s8517,4821
s8518,4822
s8521,4823
s8522,4824
s8523,4825
s8525,4826
s8525,4827
s8526,252
s8527,90
s8528,4828
s8529,4829
s8529,4830
s8530,4831
s8531,4832
s8532,3413
s8533,4833
s8535,4834
s8535,830
s8536,4835
s8537,539
s8538,4836
s8538,4837
s8539,4838
s8541,4839
s8543,23
s8544,4329
s8547,4840
s8547,4841
s8548,2904
s8549,4842
s8550,3692
s8550,1756
s8551,4843
s8551,4664
s8553,4844
s8554,4845
s8555,3223
s8556,3595
s8557,1351
s8559,4846
s8560,4847
s8562,4848
s8563,4849
s8564,4850
s8565,4851
s8566,4852
s8567,4853
s8569,4854
s8570,4135
s8571,4855
s8572,4856
s8573,4857
s8574,4858
s8577,4859
s8578,4860
s8579,4861
s8580,4862
s8581,1232
s8582,1192
s8583,4863
s8584,4864
s8585,2491
s8586,4471
s8587,4865
s8588,4766
s8588,4866
s8590,4867
s8591,584
s8592,4165
s8595,4868
s8596,4869
s8598,4870
s8598,4871
s8598,4872
s8599,4873
s8600,4874
s8602,4875
s8603,4876
s8604,4877
s8607,4878
s8608,1887
s8609,2934
s8611,496
s8612,2548
s8613,4879
s8614,2772
s8615,1876
s8616,4880
s8617,4881
s8618,3516
s8619,4882
s8620,190
s8621,4883
s8621,4884
s8622,4885
s8623,4886
s8624,4887
s8625,4886
s8626,514
s8627,514
s8628,4888
s8629,1093
s8630,1700
s8631,4889
s8632,4890
s8633,4891
s8633,4892
s8635,4893
s8636,4894
s8637,4895
s8638,374
s8639,2947
s8640,3358
s8641,4065
s8641,4111
s8641,4896
s8641,4897
s8641,4898
s8642,4899
s8643,633
s8644,4900
s8646,4901
s8649,4902
s8650,1170
s8651,4903
s8651,4904
s8652,931
s8653,1088
s8655,4905
s8656,4906
s8657,4907
s8658,4908
s8659,4909
s8660,3084
s8661,4640
s8662,4692
s8663,4910
s8664,4911
s8665,4912
s8666,4913
s8667,4471
s8668,4914
s8669,527
s8671,3633
s8672,268
s8673,4915
s8674,4916
s8675,4917
s8676,4918
s8677,4919
s8678,4920
s8679,4921
s8681,4922
s8682,4923
s8683,595
s8684,4924
s8686,4925
s8687,4926
s8688,4927
s8689,3206
s8690,4928
s8692,4739
s8693,4929
s8693,4930
s8694,4931
s8694,4932
s8695,4933
s8696,4934
s8697,30
s8698,4935
s8699,4807
s8700,4936
s8702,4937
s8703,4938
s8704,4939
s8705,3563
s8706,4940
s8707,4941
s8708,3736
s8709,4741
s8710,4942
s8712,4943
s8714,4944
s8715,4945
s8715,4946
s8715,4947
s8716,4948
s8717,4949
s8718,4758
s8719,4950
s8720,4951
s8723,229
s8724,4952
s8725,4953
s8726,3833
s8726,3758
s8728,4954
s8728,4955
s8729,4956
s8729,4957
s8730,4958
s8731,1434
s8732,1954
s8733,4959
s8734,3963
s8735,4960
s8736,894
s8738,4961
s8738,4962
s8739,4963
s8740,4065
s8740,4964
s8743,4206
s8744,4965
s8745,4966
s8746,4967
s8747,4968
s8749,4776
s8751,4969
s8752,4970
s8753,4971
s8754,4972
s8755,4973
s8757,3401
s8758,799
s8760,4974
s8761,4975
s8762,4976
s8763,1884
s8764,4111
s8765,4977
s8766,4978
s8766,4979
s8766,4980
s8766,3292
s8767,3732
s8768,3391
s8769,2477
s8770,4981
s8771,4050
s8772,2551
s8773,144
s8774,3997
s8775,4982
s8777,4983
s8778,4984
s8779,4984
s8780,4985
s8782,4986
s8783,633
s8787,4987
s8788,4215
s8789,4988
s8790,986
s8791,21
s8792,4912
s8793,4989
s8794,63
s8795,561
s8799,4990
s8800,4245
s8802,4991
s8803,409
s8805,3319
s8806,4992
s8807,4993
